1MO,3MO,6MO,1YR,2YR,3YR,5YR,7YR,10YR,20YR,30YR
1.9761323,2.1013243,2.2591085,2.427808,2.581713,2.6322474,2.7262049,2.804096,2.876226,2.9832628,3.0834205
2.0117176,2.137444,2.2949307,2.4635327,2.6179178,2.6642387,2.7501926,2.8226645,2.892584,2.9932342,3.0884233
2.0421517,2.1682484,2.3254673,2.4939876,2.6488378,2.691512,2.7705758,2.8384378,2.9064577,3.0016549,3.0926003
2.0758018,2.2022915,2.3592312,2.527645,2.6830385,2.7217886,2.7932317,2.8561513,2.9221349,3.0114968,3.097659
2.124119,2.251312,2.4079573,2.576117,2.7322674,2.7658787,2.8264794,2.8828373,2.9461489,3.0278673,3.1068153
2.153298,2.2807202,2.437134,2.6051686,2.761855,2.7921238,2.8460968,2.8983722,2.959977,3.036885,3.111605
2.186563,2.3144147,2.470667,2.6384497,2.7956831,2.8225558,2.8690977,2.9171312,2.976989,3.0490112,3.1186402
2.2206697,2.34881,2.504861,2.6723974,2.8302436,2.8534765,2.8923626,2.9359977,2.994012,3.0609407,3.1254284
2.2891243,2.4178896,2.57366,2.7404888,2.8994951,2.9158273,2.939567,2.9749541,3.0294945,3.0870728,3.140952
2.471588,2.6056325,2.7637563,2.9235172,3.082953,3.0884578,3.0772305,3.0978754,3.1463997,3.1925309,3.213578
2.7572153,2.9074056,3.0843484,3.2055113,3.353005,3.3660831,3.3318272,3.3404427,3.3877673,3.463745,3.4203894
2.9603896,3.118451,3.3184152,3.4039524,3.5358098,3.5725853,3.5395164,3.5382397,3.5859568,3.7098308,3.6153922
3.0473144,3.205817,3.4150503,3.4919987,3.6180918,3.665104,3.6293347,3.6238658,3.6695356,3.811078,3.6971207
3.050891,3.2088258,3.416877,3.4945135,3.6208084,3.666061,3.6284053,3.6218555,3.6667168,3.8056104,3.6918588
3.1067457,3.2643223,3.4783332,3.5527651,3.6758544,3.7275002,3.6871185,3.6784036,3.7212791,3.870274,3.744897
2.956549,3.1127076,3.308363,3.3981545,3.5319006,3.5622206,3.5240839,3.5208924,3.5666718,3.6804109,3.5898814
2.7783167,2.9257803,3.0997605,3.224261,3.3732555,3.3796136,3.337304,3.3414962,3.385798,3.452442,3.4086206
2.6957667,2.8374631,3.0033128,3.1436453,3.2984948,3.2978008,3.2564425,3.2629616,3.306381,3.3560772,3.3331547
2.6849537,2.8256545,2.990368,3.1328952,3.2885456,3.2867718,3.2455065,3.2520754,3.2952764,3.3425193,3.3224626
2.6818914,2.8221366,2.9863665,3.1297646,3.2857494,3.2833705,3.2418866,3.2483013,3.2913303,3.3374112,3.3183362
2.6304023,2.7668934,2.9272695,3.078628,3.2373521,3.2324104,3.1941345,3.2015936,3.2444222,3.2831008,3.2762961
2.537881,2.6689558,2.824974,2.9860168,3.1476212,3.1420505,3.1147766,3.1252313,3.1689217,3.2016132,3.2147977
2.4462173,2.5735042,2.727444,2.893782,3.0562692,3.053625,3.0419245,3.0572135,3.1029367,3.136712,3.1678097
2.3745732,2.499659,2.652895,2.8215094,2.9837952,2.9849575,2.9873755,3.0077,3.0555568,3.0934844,3.1377563
2.3633738,2.487949,2.6410208,2.8100195,2.9723141,2.9738264,2.9784358,2.9993732,3.047477,3.0858293,3.1322975
2.3848329,2.5094824,2.6624136,2.83126,2.9939306,2.9933567,2.9932442,3.0118792,3.0590036,3.0947194,3.1377666
2.4401019,2.5656745,2.718684,2.8864436,3.0496461,3.044958,3.033362,3.0472255,3.0922968,3.1231768,3.1567092
2.4712477,2.5971065,2.7500763,2.9172566,3.0807846,3.0734897,3.0554442,3.0664787,3.1103058,3.1382785,3.1666062
2.4844542,2.6100843,2.762841,2.9300408,3.0938575,3.0849404,3.0639431,3.073403,3.1165314,3.1426039,3.1690063
2.5026195,2.6279354,2.780397,2.9476182,3.1118162,3.100691,3.075657,3.0829952,3.1251793,3.1486986,3.1724377
2.5288985,2.6543167,2.8066847,2.9734213,3.1378613,3.1244247,3.0940323,3.0990167,3.1401372,3.1612527,3.1806595
2.5434453,2.668785,2.8210232,2.9875906,3.1522098,3.1373088,3.103884,3.1074486,3.147925,3.167491,3.1845996
2.5702345,2.696039,2.8484302,3.0140543,3.1786487,3.1620061,3.1235774,3.1252582,3.1648576,3.1829891,3.1953566
2.6159518,2.7430665,2.89615,3.0593495,3.2234528,3.2047503,3.1586196,3.1577523,3.1961403,3.2134013,3.217209
2.665839,2.794742,2.9490287,3.1086345,3.2716935,3.2515583,3.1980786,3.1949005,3.2321982,3.2501006,3.244174
2.6471975,2.7750118,2.9285095,3.0900247,3.2537527,3.2334604,3.1821945,3.179449,3.2169445,3.233541,3.2316155
2.5801828,2.7052698,2.8571458,3.0232809,3.1883118,3.1696923,3.1286783,3.1287172,3.167576,3.1833136,3.1946313
2.5465443,2.6704428,2.821779,2.9896219,3.154993,3.1376445,3.1024606,3.104149,3.1438155,3.160077,3.1778355
2.51989,2.6429656,2.7940035,2.9629207,3.1284142,3.1123002,3.0820343,3.0852044,3.1255808,3.1427362,3.1654844
2.486055,2.6083539,2.7592242,2.9290998,3.0945227,3.080425,3.056807,3.0622365,3.1036577,3.1227582,3.1516085
2.4390147,2.5605192,2.7113857,2.8821158,3.0471594,3.0363693,3.0224874,3.0315626,3.074607,3.0974188,3.1344912
2.403607,2.5246394,2.6756127,2.846738,3.0113454,3.0032911,2.9969995,3.0091224,3.053481,3.0796478,3.1227787
2.368079,2.488684,2.6398199,2.8111975,2.9752796,2.9700909,2.9715688,2.9869502,3.0326805,3.062562,3.1117053
2.3760624,2.4966524,2.6476982,2.8190932,2.9833453,2.9773366,2.9770052,2.9915023,3.0368648,3.0656765,3.1135638
2.383913,2.5044591,2.6554027,2.8268297,2.991259,2.9844024,2.982281,2.99588,3.0408683,3.0685825,3.115257
2.3809319,2.501385,2.6523168,2.8237963,2.988205,2.9815001,2.980005,2.993807,3.0388813,3.0668,3.1140268
2.4220095,2.542788,2.6934564,2.86472,3.0297825,3.0195413,3.009019,3.0189323,3.0623593,3.0857804,3.1261716
2.4496665,2.5706825,2.7212024,2.8922331,3.0576775,3.0451238,3.0286257,3.0360577,3.07841,3.0990303,3.1347806
2.483508,2.604942,2.7553685,2.9259276,3.091717,3.0765676,3.052953,3.057616,3.0987382,3.116397,3.146345
2.5075684,2.6294014,2.779836,2.9499037,3.115841,3.0990255,3.0705137,3.0733972,3.113707,3.129613,3.1553426
2.548467,2.6712792,2.8219512,2.9907444,3.1566744,3.1375325,3.1011379,3.101453,3.1405437,3.1543903,3.17269
2.579801,2.7034764,2.8544574,3.0219755,3.1877313,3.1670337,3.1249301,3.123482,3.1617098,3.1745038,3.1870015
2.592961,2.7170231,2.8681672,3.0350695,3.2007074,3.1794116,3.1350021,3.1328576,3.1707397,3.1832247,3.1932595
2.6095135,2.7340903,2.8854737,3.0515218,3.2169673,3.194981,3.14776,3.1447828,3.1822474,3.1944766,3.2013845
2.6452136,2.7710695,2.9231575,3.0869677,3.251787,3.2286534,3.175796,3.1712365,3.207898,3.220239,3.2202375
2.6672685,2.7940097,2.9466603,3.1088152,3.2731035,3.2494826,3.1934454,3.1880224,3.2242463,3.2370925,3.2327185
2.7215126,2.850676,3.0051417,3.1623027,3.3248043,3.300714,3.237912,3.2306201,3.265947,3.2814543,3.2659943
2.8065193,2.939811,3.0983112,3.245149,3.403505,3.380738,3.31036,3.3003457,3.3346698,3.3581374,3.3244529
2.898632,3.0364413,3.2010598,3.333532,3.4854913,3.467621,3.3932002,3.379935,3.413636,3.4511445,3.3964434
3.0488398,3.1920695,3.369196,3.4760404,3.6145449,3.6117563,3.5361059,3.5156097,3.548078,3.6167064,3.5261874
3.1330037,3.2776043,3.4619982,3.5567527,3.6871128,3.6950748,3.6186922,3.5935488,3.6243382,3.7114675,3.6012785
3.1931028,3.3379436,3.5272489,3.6154635,3.7401676,3.7558815,3.6780298,3.6497314,3.6786065,3.7779298,3.6544297
3.3171766,3.4610946,3.6600304,3.7408264,3.8549933,3.8857071,3.8021712,3.7687404,3.791707,3.911881,3.763496
3.4162142,3.558236,3.764517,3.8450613,3.9527752,3.9929845,3.9025457,3.8663545,3.8828657,4.0135274,3.8484428
3.5221486,3.6613073,3.8763003,3.9608004,4.0645275,4.1123657,4.0135164,3.9751098,3.983499,4.1190453,3.939154
3.6930466,3.826335,4.060264,4.1569257,4.264293,4.319675,4.207759,4.164376,4.1576805,4.287377,4.089159
3.760116,3.8911414,4.1355925,4.238372,4.352804,4.4101458,4.294202,4.2473836,4.233842,4.356961,4.1526456
3.8705244,3.9994495,4.2661963,4.3804946,4.518407,4.5779414,4.4581265,4.4023128,4.3745584,4.482037,4.2669015
3.9104834,4.03993,4.316962,4.4362397,4.58887,4.6488843,4.5292845,4.4687896,4.4338913,4.534494,4.3141756
3.9440043,4.074794,4.3608966,4.4845243,4.652516,4.7126126,4.5941076,4.529094,4.486856,4.581517,4.355799
3.9766922,4.109726,4.4046493,4.532441,4.717973,4.777791,4.6612797,4.591466,4.5406475,4.629706,4.3975167
4.006216,4.1422715,4.445358,4.5769467,4.781443,4.840683,4.7271304,4.652631,4.5923386,4.6767883,4.437274
4.0409074,4.180844,4.4916496,4.6260486,4.8515477,4.9097743,4.80016,4.7206635,4.6488414,4.729026,4.4803314
4.066095,4.2089677,4.524499,4.6598783,4.8998837,4.95726,4.8509374,4.768175,4.687827,4.7657638,4.5101314
4.0923553,4.238226,4.5579276,4.693292,4.9472146,5.0036654,4.9011106,4.8153462,4.7263203,4.8027105,4.539906
4.110389,4.258444,4.5810113,4.716111,4.9801555,5.0359225,4.9364486,4.8486767,4.753277,4.829104,4.5609717
4.1317973,4.2821,4.6072917,4.7411585,5.014922,5.069938,4.9739857,4.8842487,4.782203,4.8577914,4.5840344
4.150797,4.303303,4.6312385,4.7641225,5.0482626,5.102577,5.010391,4.918778,4.8098373,4.8856826,4.6060214
4.1646085,4.3182726,4.647329,4.778653,5.067182,5.1210947,5.0311494,4.9386034,4.8261375,4.9022655,4.6195445
4.183848,4.3396115,4.6714373,4.8013463,5.100464,5.153749,5.0679917,4.973676,4.8539076,4.9309373,4.6418195
4.198054,4.355256,4.6891465,4.817827,5.1246734,5.177588,5.094921,4.9993706,4.874093,4.951962,4.657943
4.2137423,4.372659,4.709634,4.8372645,5.1553335,5.2079024,5.129137,5.0320354,4.8990593,4.97821,4.6772547
4.2185464,4.378625,4.7191734,4.8479595,5.1785655,5.2310896,5.154749,5.0563874,4.915877,4.995869,4.688075
4.21583,4.37597,4.7172265,4.846982,5.180077,5.232646,5.1562495,5.0577445,4.916104,4.9960485,4.687243
4.2134914,4.373687,4.715596,4.846205,5.1815596,5.234179,5.157724,5.0590873,4.916392,4.996287,4.6865344
4.210472,4.3707843,4.713792,4.8456416,5.1847816,5.237475,5.161041,5.0621705,4.917607,4.9974785,4.686039
4.2122407,4.372534,4.7150574,4.846283,5.1838484,5.236466,5.160181,5.0613956,4.917593,4.997564,4.6868114
4.2166634,4.3768964,4.7182827,4.8479705,5.1817203,5.234199,5.1581917,5.0596137,4.9175897,4.9977474,4.6885943
4.2186093,4.378935,4.720342,4.8496466,5.1835365,5.2359557,5.1603208,5.0616856,4.9194098,4.999749,4.690358
4.224471,4.3850994,4.726806,4.855056,5.189988,5.2423115,5.167728,5.0688677,4.9254074,5.0062256,4.6957173
4.230245,4.3912597,4.7337494,4.861194,5.198736,5.251009,5.1776266,5.0784225,4.9328575,5.014215,4.701738
4.241936,4.4034777,4.7463737,4.871544,5.210332,5.262462,5.191111,5.0915375,4.944029,5.0264025,4.712042
4.252886,4.414832,4.757699,4.88052,5.219024,5.271029,5.201453,5.101643,4.9531236,5.0364566,4.7210546
4.2788763,4.4416056,4.783563,4.900402,5.2351227,5.2869124,5.2212644,5.1211066,4.9718413,5.0575185,4.741103
4.30335,4.4667387,4.8075314,4.9186444,5.2484975,5.3002014,5.2382517,5.137831,4.988452,5.0765953,4.7596817
4.333493,4.4975348,4.836093,4.939979,5.261079,5.3127556,5.255274,5.154659,5.0065556,5.098063,4.7817416
4.364446,4.528987,4.8645205,4.960949,5.270631,5.3223686,5.269382,5.1686444,5.02305,5.1183705,4.8036613
4.401297,4.566343,4.8982496,4.9861054,5.281862,5.3339314,5.28638,5.1853976,5.0426826,5.143059,4.8300033
4.455328,4.620679,4.946136,5.0218916,5.2939587,5.346688,5.3069544,5.2055163,5.0685725,5.177173,4.867739
4.513509,4.678347,4.995177,5.0589375,5.3019514,5.355144,5.3237104,5.221453,5.092778,5.2111926,4.9073663
4.590349,4.752755,5.05619,5.1065593,5.309169,5.3620453,5.341381,5.237136,5.121289,5.2536445,4.9588556
4.6481013,4.8067474,5.0982428,5.140939,5.3123984,5.3635497,5.3507595,5.244188,5.1397676,5.2829127,4.9966974
4.681611,4.837059,5.1207094,5.160067,5.313263,5.3625307,5.3541574,5.245923,5.149046,5.298396,5.0181494
4.7258286,4.875778,5.1481323,5.1843495,5.3135285,5.359281,5.356382,5.2457485,5.159782,5.3169894,5.04574
4.7731695,4.9159575,5.176108,5.2105184,5.3157597,5.35721,5.3595395,5.246249,5.1719446,5.3368373,5.075308
4.823956,4.957614,5.204602,5.23861,5.3196077,5.3561416,5.36286,5.2471843,5.1856766,5.3574495,5.1067204
4.860463,4.986576,5.223855,5.2580595,5.321468,5.3543215,5.3629274,5.2464676,5.1948376,5.370203,5.128083
4.8879366,5.0080037,5.2380567,5.272497,5.3226376,5.3528924,5.362083,5.2457943,5.201787,5.378957,5.1435623
4.911959,5.0265884,5.2504888,5.2851014,5.323659,5.351881,5.360937,5.2454433,5.20812,5.3861675,5.156695
4.931764,5.0417333,5.260396,5.294976,5.3234353,5.349949,5.3583736,5.2442365,5.2128153,5.3910336,5.166912
4.951847,5.0569577,5.27019,5.3044353,5.3221507,5.3468804,5.3541613,5.2421007,5.2169285,5.394777,5.1764884
4.961731,5.064255,5.274512,5.3082347,5.3199673,5.3435216,5.3499894,5.2393737,5.2176423,5.39506,5.180234
4.969216,5.069606,5.277302,5.3103356,5.316895,5.339256,5.3449616,5.235766,5.2170153,5.393978,5.1823287
4.969452,5.068769,5.274784,5.306316,5.3095407,5.330155,5.3354077,5.2271943,5.210239,5.3869176,5.178106
4.9710765,5.069008,5.2731557,5.303145,5.3026114,5.3214655,5.3261585,5.218977,5.2039585,5.380331,5.174468
4.971003,5.067812,5.270465,5.298724,5.295189,5.3122473,5.316455,5.209988,5.196317,5.3724723,5.169165
4.96959,5.065375,5.2667613,5.2929325,5.2868834,5.3019753,5.3056726,5.1995792,5.186681,5.362661,5.1616507
4.9709616,5.0654097,5.2653656,5.289848,5.2809715,5.294433,5.297545,5.191885,5.1799474,5.355717,5.1568108
4.9743085,5.0671735,5.265554,5.2886024,5.2766333,5.288651,5.2911406,5.185976,5.175162,5.350704,5.1538286
4.978976,5.069851,5.266273,5.2876835,5.2719116,5.2822347,5.283956,5.1794367,5.1700344,5.3453093,5.150844
4.982445,5.0715494,5.2662277,5.285878,5.26685,5.275434,5.27641,5.172307,5.1638703,5.3389196,5.146538
4.9851484,5.0726275,5.2656565,5.2834425,5.2614894,5.2682734,5.2684903,5.1646585,5.1568804,5.3317323,5.141204
4.9877415,5.0736814,5.265073,5.281074,5.2563033,5.261333,5.2607975,5.157268,5.150125,5.324797,5.1360097
4.9901757,5.0749025,5.265008,5.2796965,5.252775,5.2564926,5.2553663,5.1520534,5.1453576,5.31989,5.132349
4.993512,5.076921,5.2656713,5.2792506,5.2500024,5.2525244,5.250835,5.147867,5.1418457,5.3162427,5.1300125
4.9954467,5.0778365,5.265413,5.277882,5.246689,5.2480454,5.245844,5.143194,5.1376905,5.311993,5.1269097
4.9913454,5.0747275,5.2630854,5.2756042,5.2460065,5.2476416,5.245616,5.1425595,5.136177,5.3105426,5.1246104
4.9838514,5.069548,5.26013,5.273694,5.2482147,5.251312,5.2499743,5.1460075,5.137792,5.3122973,5.124043
4.980845,5.067585,5.2592487,5.2733655,5.2499056,5.2537646,5.2527514,5.148286,5.1391096,5.3136644,5.1241975
4.9741545,5.062999,5.2567663,5.2718353,5.252269,5.2575083,5.2570877,5.15178,5.1407967,5.315443,5.1237288
4.960041,5.0530276,5.2508783,5.267513,5.2554665,5.2631984,5.263769,5.1570525,5.1425548,5.317289,5.121344
4.9478836,5.044424,5.2458935,5.263825,5.2584085,5.268323,5.2696404,5.1617966,5.144119,5.318825,5.119116
4.9445567,5.042158,5.2447715,5.263206,5.259886,5.2705503,5.272129,5.16393,5.145265,5.319975,5.1190386
4.9468026,5.0439324,5.246156,5.264615,5.2605996,5.2711425,5.272716,5.164545,5.146211,5.320972,5.120339
4.9406867,5.039359,5.243073,5.2617726,5.2604623,5.271733,5.2734537,5.1649404,5.145232,5.3198714,5.1177917
4.9335227,5.0339785,5.239429,5.258381,5.2601953,5.272311,5.274151,5.165294,5.143991,5.318439,5.1146955
4.924485,5.0271273,5.234723,5.253854,5.259478,5.2725997,5.2744565,5.1652555,5.1419435,5.316041,5.1102777
4.9166183,5.0211496,5.2306237,5.249966,5.258893,5.2729235,5.2747703,5.1653566,5.1403685,5.3141265,5.106641
4.9214005,5.0247703,5.233066,5.2523055,5.2591634,5.2726216,5.274498,5.165239,5.14135,5.31534,5.1089625
4.9348345,5.0349555,5.240045,5.2590575,5.2602186,5.272182,5.274064,5.16534,5.1445065,5.319045,5.1157093
4.944054,5.041873,5.2447033,5.2634797,5.260537,5.2714367,5.2731886,5.1650114,5.146394,5.3211927,5.1200924
4.9503393,5.0465965,5.2479286,5.266563,5.2608557,5.2710786,5.272707,5.164954,5.1478415,5.3227706,5.1231713
4.9600773,5.0538363,5.2527776,5.2710176,5.2608433,5.26993,5.2712173,5.1642394,5.149481,5.3244953,5.1273365
4.9742775,5.0640087,5.259036,5.27597,5.2584186,5.265295,5.265653,5.1601343,5.1489806,5.3238654,5.1308556
4.984835,5.071374,5.2633038,5.2789345,5.255497,5.260469,5.2599287,5.155728,5.1473722,5.3220453,5.132414
4.992139,5.0760965,5.26542,5.2794447,5.251201,5.254217,5.2527566,5.1496058,5.1432495,5.3176985,5.1308875
4.9993396,5.080642,5.267269,5.2794795,5.246362,5.2472377,5.244769,5.142676,5.1382117,5.312434,5.128456
5.0048857,5.083838,5.2679105,5.2780514,5.2406297,5.2392015,5.235685,5.134413,5.1312838,5.3053217,5.123798
5.0086517,5.085762,5.2676177,5.2757673,5.2348886,5.231295,5.2268143,5.126144,5.1238394,5.297757,5.118136
5.0137315,5.08869,5.267924,5.273872,5.22908,5.2230263,5.217413,5.1173887,5.115903,5.289683,5.1120515
5.014224,5.088508,5.2664714,5.271062,5.2246857,5.217219,5.210981,5.111211,5.109786,5.2835383,5.1066685
5.012751,5.0871434,5.2647715,5.268745,5.2221675,5.214149,5.2076693,5.1079264,5.10626,5.2800174,5.1032124
5.01389,5.0875864,5.2640715,5.2670193,5.218878,5.2097344,5.2027335,5.1033483,5.101959,5.27569,5.099651
5.011828,5.085994,5.262727,5.265605,5.218024,5.208932,5.2019496,5.1024613,5.1007433,5.274486,5.0981455
5.003379,5.0801377,5.259529,5.2638383,5.2205586,5.2134433,5.207362,5.107,5.10382,5.2776423,5.0991445
4.998756,5.0769334,5.257758,5.2627993,5.221899,5.2158227,5.2101974,5.109344,5.1052847,5.2791357,5.099407
4.996654,5.075393,5.2566977,5.2618837,5.221828,5.216039,5.2105255,5.109518,5.105095,5.2789474,5.0987816
4.9854574,5.067608,5.2524166,5.2593985,5.2251315,5.221872,5.217438,5.115334,5.1087995,5.282711,5.099559
4.977582,5.0620627,5.2492056,5.25725,5.226926,5.2252707,5.221464,5.1186476,5.1105533,5.284461,5.0992336
4.9775567,5.061973,5.2489796,5.256858,5.2263374,5.2245336,5.22064,5.117873,5.1098022,5.283688,5.0985622
4.9821763,5.065132,5.2505507,5.2575364,5.224424,5.2214384,5.2170377,5.1147346,5.107564,5.2814174,5.097628
4.98237,5.065247,5.2505317,5.2573657,5.224094,5.2209735,5.216486,5.1141877,5.1069818,5.2808065,5.097062
4.981424,5.0645757,5.250118,5.2570357,5.224219,5.221263,5.2168255,5.114435,5.1070137,5.280825,5.0968266
4.981843,5.064919,5.250406,5.2573104,5.2244267,5.2214456,5.2169933,5.114576,5.1071405,5.280945,5.0969477
4.9846163,5.066891,5.251552,5.2580476,5.2238307,5.220268,5.2155704,5.1133614,5.1063795,5.2801704,5.096833
4.989854,5.0705795,5.25362,5.2592874,5.222469,5.2177396,5.2125454,5.110772,5.1046724,5.2784343,5.0963926
4.9920096,5.072089,5.2544503,5.2597623,5.2218537,5.216627,5.21122,5.1096373,5.1039047,5.277653,5.0961547
4.984002,5.0665417,5.2515097,5.258175,5.2245083,5.2211843,5.216574,5.1142035,5.106949,5.280727,5.097049
4.975617,5.0607142,5.2483783,5.2563953,5.2271776,5.225784,5.221949,5.1187854,5.1098685,5.283657,5.0976596
4.9805756,5.0642767,5.25054,5.257923,5.226412,5.2240653,5.219855,5.1170254,5.108931,5.2827134,5.0978613
4.992732,5.0728335,5.255329,5.2608004,5.223219,5.2181664,5.212812,5.1109977,5.104988,5.278705,5.096894
5.006183,5.082115,5.259983,5.262843,5.218075,5.209501,5.202569,5.1021056,5.098345,5.2719393,5.0936513
5.01622,5.0889754,5.2630515,5.2636356,5.213275,5.201694,5.1933737,5.094036,5.091802,5.2652926,5.089618
5.0282054,5.0971584,5.2663555,5.2639637,5.2067523,5.191223,5.1810613,5.083211,5.082643,5.25604,5.083403
5.0425143,5.107,5.2699513,5.2637987,5.198294,5.1776648,5.165122,5.069251,5.070455,5.243818,5.0746055
5.0552325,5.115944,5.2729926,5.263387,5.1906004,5.1651525,5.150349,5.056346,5.0587745,5.2321706,5.0656257
5.0682745,5.125353,5.2762713,5.2632623,5.1833134,5.152915,5.135794,5.043742,5.0471573,5.2206497,5.0564513
5.0810823,5.1347466,5.2794495,5.263127,5.1762137,5.1408343,5.121393,5.031396,5.0356297,5.209293,5.0471663
5.0970573,5.1466146,5.2831397,5.2625895,5.1668673,5.1249766,5.102511,5.015371,5.0204744,5.194478,5.03471
5.1090784,5.1557055,5.2858896,5.262172,5.1599026,5.1130104,5.0882225,5.003351,5.00893,5.1832547,5.0250125
5.1257324,5.1684203,5.2898374,5.261875,5.1507454,5.096988,5.069024,4.9873724,4.993484,5.16833,5.01197
5.138209,5.178035,5.2927885,5.261662,5.143974,5.0850325,5.0546656,4.975509,4.9818883,5.1571765,5.002046
5.145941,5.1840425,5.294607,5.2615094,5.1397924,5.077607,5.045728,4.9681506,4.9746175,5.150192,4.995729
5.1541324,5.1904154,5.296725,5.261661,5.1358676,5.070391,5.036985,4.960994,4.9675317,5.1433997,4.989595
5.1632,5.197449,5.2988706,5.2615104,5.1310554,5.061801,5.026629,4.952523,4.959118,5.135351,4.9822655
5.1697164,5.2025065,5.3004518,5.261459,5.1277084,5.05577,5.01934,4.946575,4.953184,5.12968,4.9770784
5.1762905,5.207592,5.3021955,5.26165,5.124722,5.050195,5.0125594,4.941066,4.9476914,5.1244392,4.972315
5.183651,5.2132025,5.303999,5.2616324,5.1210117,5.0435214,5.0045075,4.9345236,4.9412184,5.118289,4.966769
5.186476,5.215438,5.3048344,5.261836,5.119958,5.0413933,5.00187,4.9323826,4.9390163,5.1161704,4.964777
5.1900096,5.2181864,5.305761,5.261904,5.118339,5.0383687,4.9981766,4.9293795,4.9359694,5.113253,4.9620647
5.1960254,5.222885,5.307322,5.26198,5.1155486,5.0331655,4.991813,4.9242015,4.9306765,5.108173,4.957294
5.2000976,5.2260966,5.308521,5.2622495,5.114021,5.030093,4.9879956,4.921102,4.9274645,5.1050754,4.954357
5.206882,5.2311845,5.309762,5.2615,5.109565,5.022659,4.9791064,4.9138417,4.9201803,5.0981326,4.9479384
5.2053914,5.230055,5.3089004,5.2606826,5.109042,5.0223875,4.9788957,4.9136243,4.919912,5.0978527,4.9475355
5.1860056,5.2151775,5.303528,5.2598386,5.117179,5.0379043,4.9979043,4.929024,4.935438,5.112677,4.9611197
5.1644135,5.1984324,5.2979975,5.2595773,5.127496,5.0568604,5.0209436,4.9477553,4.9542303,5.130639,4.9776216
5.1251626,5.167795,5.2880235,5.2592,5.1468334,5.092115,5.0636516,4.98279,4.9890323,5.1640773,5.0079894
5.096232,5.145559,5.281016,5.259574,5.1624317,5.1195846,5.096668,5.0103827,5.015918,5.190148,5.030988
5.0570436,5.116506,5.2712717,5.260011,5.183953,5.156474,5.140772,5.048138,5.0516515,5.225282,5.0603423
5.0344887,5.100566,5.265676,5.2604976,5.1971097,5.178053,5.16634,5.0705376,5.0720944,5.245672,5.076228
5.0250225,5.094193,5.2638316,5.2615867,5.204136,5.1888638,5.1789536,5.0817513,5.0821905,5.2558026,5.0839543
5.012954,5.085962,5.2604656,5.2612867,5.210663,5.199353,5.191324,5.092712,5.091608,5.265332,5.090508
4.9950757,5.07372,5.2546673,5.2594514,5.2185445,5.2123146,5.206672,5.1062403,5.1025085,5.276448,5.0970683
4.9769964,5.0613203,5.2483277,5.256651,5.225579,5.22391,5.220322,5.1181374,5.1111913,5.2853155,5.100981
4.975662,5.0603905,5.2478476,5.2565064,5.2261066,5.224799,5.221406,5.1191673,5.112119,5.2862887,5.1016707
4.977724,5.0618434,5.248716,5.2571445,5.2257004,5.2240133,5.220485,5.1184616,5.1118894,5.286072,5.1020327
4.983349,5.0656805,5.250688,5.25807,5.223482,5.2204237,5.2163005,5.11487,5.109446,5.283589,5.1012034
4.992035,5.071385,5.253006,5.258138,5.2181473,5.212376,5.2069855,5.106582,5.102794,5.276807,5.097153
4.9945145,5.0729494,5.253372,5.2575736,5.215847,5.209038,5.203123,5.1030216,5.0995708,5.273511,5.0946503
4.9920135,5.071125,5.252116,5.256467,5.2157726,5.209298,5.2034893,5.1031785,5.0992336,5.273153,5.0937285
4.9810243,5.063466,5.247927,5.254095,5.219061,5.215108,5.210366,5.1090107,5.103077,5.277025,5.094735
4.96478,5.0521145,5.241647,5.250328,5.2237744,5.2233963,5.2200522,5.117215,5.1080656,5.281978,5.0952697
4.950187,5.04176,5.2356143,5.2460966,5.226948,5.229435,5.226996,5.122981,5.1107063,5.28442,5.093743
4.949102,5.0410476,5.2353044,5.245919,5.2275033,5.230259,5.227871,5.123687,5.111005,5.2846684,5.0935335
4.9534774,5.04422,5.237249,5.247303,5.2268414,5.2287874,5.226113,5.1221595,5.110214,5.2839046,5.093785
4.95733,5.0470896,5.23918,5.2489057,5.226886,5.228259,5.225416,5.1216063,5.110247,5.2839828,5.0946198
4.958071,5.047626,5.239511,5.249148,5.2267847,5.228023,5.225134,5.121368,5.1101394,5.28388,5.0946918
4.9620733,5.050506,5.2412844,5.250532,5.2262654,5.2268014,5.2237167,5.120244,5.109855,5.283667,5.095502
4.9758267,5.0601215,5.246565,5.253688,5.222181,5.2196727,5.215426,5.113169,5.1055455,5.279399,5.0950203
4.9934044,5.072226,5.252753,5.256651,5.215582,5.208689,5.2025843,5.1021156,5.097813,5.2716126,5.0920997
5.0056276,5.080582,5.25672,5.2580614,5.2102313,5.199947,5.192319,5.0932055,5.090976,5.2647038,5.0884743
5.016868,5.0882607,5.260082,5.2588105,5.2046814,5.1909633,5.181744,5.0839515,5.083389,5.257044,5.0836926
5.016156,5.0878797,5.260358,5.2596316,5.206305,5.193194,5.1842847,5.0862985,5.0856667,5.259342,5.0856853
5.0162477,5.0880346,5.26083,5.2604375,5.207415,5.1946373,5.1859083,5.087851,5.087289,5.2609816,5.087248
5.014297,5.086743,5.2604127,5.260606,5.20881,5.1967616,5.188381,5.0900593,5.089223,5.2629356,5.0886583
5.005684,5.0807104,5.257252,5.2590733,5.211569,5.201727,5.194369,5.0952415,5.0932317,5.2670193,5.0907774
4.998391,5.0756345,5.254654,5.257928,5.2141666,5.206234,5.199763,5.0999613,5.0969253,5.2707877,5.092809
5.002976,5.07861,5.2556458,5.257598,5.210837,5.2012763,5.194046,5.094896,5.0927067,5.266525,5.090006
5.0021515,5.0779557,5.2550144,5.256844,5.210233,5.200617,5.193329,5.0941515,5.0917916,5.2655897,5.088954
5.015739,5.0869703,5.2582154,5.256313,5.201237,5.1868854,5.1773853,5.080105,5.07997,5.253695,5.080969
5.0165257,5.087283,5.2575903,5.25492,5.19861,5.1833982,5.17347,5.0765696,5.076669,5.2503963,5.0782113
5.013324,5.084825,5.255722,5.2531853,5.197782,5.1829224,5.1731243,5.076155,5.0759783,5.2497177,5.0771513
5.013223,5.0842533,5.253876,5.2501698,5.193082,5.176999,5.1665645,5.070248,5.070418,5.244178,5.0723805
5.019763,5.0885324,5.2546988,5.2487264,5.187,5.168067,5.1562567,5.0611734,5.0623436,5.23613,5.066253
5.034245,5.0984907,5.2578115,5.2477345,5.1771154,5.1526794,5.138273,5.045559,5.048536,5.222458,5.056028
5.0499263,5.1095304,5.261139,5.246635,5.1665897,5.1360006,5.1186843,5.0287075,5.0332737,5.2074523,5.0442796
5.0530257,5.1115794,5.2611527,5.2454057,5.1628866,5.130646,5.112538,5.023439,5.02845,5.202756,5.0404367
5.0520496,5.110803,5.260417,5.2446003,5.162176,5.1299443,5.1118073,5.0227656,5.0277247,5.2020383,5.039658
5.058769,5.115687,5.261885,5.2442036,5.1578813,5.1229653,5.103546,5.01572,5.0211606,5.1956186,5.0343785
5.068889,5.12306,5.264127,5.2437105,5.1515665,5.11263,5.091319,5.005388,5.0115666,5.1862993,5.026736
5.084746,5.1348753,5.2679358,5.243437,5.1426067,5.0974593,5.0732274,4.9902244,4.997242,5.172437,5.015068
5.1030707,5.1487875,5.2725086,5.2434325,5.132913,5.080581,5.0529733,4.9734135,4.9810696,5.1568656,5.0015855
5.130653,5.1700125,5.2794614,5.243589,5.1188555,5.0556283,5.0228877,4.9487114,4.956869,5.133701,4.9809623
5.158607,5.191442,5.286195,5.243273,5.104144,5.0297155,4.991667,4.923297,4.9316983,5.1097736,4.9593096
5.1839976,5.2105207,5.2917747,5.2420583,5.0896177,5.0048704,4.9618473,4.899075,4.907572,5.086935,4.9385047
5.200385,5.2224736,5.295043,5.240662,5.079461,4.9880295,4.941726,4.8826985,4.8912497,5.0715156,4.9244957
5.2145133,5.232465,5.2975845,5.2389355,5.0700254,4.9728193,4.9236274,4.867913,4.8765182,5.057602,4.9119077
5.2311764,5.24387,5.300445,5.236551,5.058555,4.9546556,4.9020467,4.8501964,4.8588552,5.0408897,4.896877
5.2414784,5.250708,5.3021545,5.234888,5.0512977,4.943337,4.8886027,4.8390985,4.847771,5.0303607,4.8874454
5.244419,5.252731,5.3028417,5.2347116,5.0497212,4.940698,4.885395,4.8364463,4.845067,5.0277524,4.8850737
5.2433453,5.252235,5.3030624,5.2355137,5.0514746,4.94303,4.88802,4.8386254,4.8471365,5.029654,4.886683
5.2400765,5.250273,5.302876,5.236605,5.0546675,4.9476447,4.8933716,4.843057,4.8514595,5.0337043,4.8902144
5.241284,5.2512846,5.303564,5.23719,5.055054,4.9477673,4.8933644,4.843061,4.851367,5.0335603,4.890031
5.241623,5.2516522,5.303959,5.2376785,5.0556746,4.948401,4.8940167,4.843607,4.8518524,5.0339885,4.8903856
5.2417555,5.251972,5.3045216,5.2385273,5.056958,4.949867,4.8955946,4.844922,4.853066,5.0350866,4.8913183
5.2450724,5.2542067,5.305298,5.238374,5.0552216,4.946939,4.892081,4.8420215,4.8501825,5.032354,4.888934
5.2454724,5.2545943,5.305662,5.238791,5.0556993,4.9473896,4.8925295,4.8423986,4.85051,5.0326376,4.889168
5.2465234,5.2554607,5.3062544,5.239293,5.0560236,4.947483,4.8925176,4.8423963,4.850437,5.032527,4.889039
5.246339,5.255483,5.306542,5.2398343,5.0569625,4.948631,4.8937807,4.8434477,4.851422,5.0334277,4.8898053
5.2496023,5.257705,5.307362,5.2397623,5.0553904,4.9459114,4.8904886,4.840727,4.848695,5.030824,4.8875155
5.251996,5.2594934,5.308323,5.2402816,5.055146,4.944981,4.889224,4.8396873,4.8475757,5.0297093,4.8865027
5.2504783,5.258708,5.3084817,5.2411866,5.05725,4.9478464,4.89249,4.8424015,4.8501863,5.03214,4.888597
5.250384,5.258866,5.3089576,5.241995,5.0585685,4.949413,4.8941984,4.843826,4.851512,5.0333486,4.889623
5.249537,5.2585235,5.3092556,5.242831,5.06027,4.9516306,4.8966866,4.8458934,4.8534713,5.035155,4.891159
5.2480874,5.257792,5.3094683,5.243786,5.06243,4.954553,4.900006,4.8486485,4.856106,5.0376005,4.893257
5.2497888,5.2590156,5.3100176,5.2439437,5.0619183,4.953491,4.8986697,4.847548,4.8549733,5.036501,4.8922706
5.2492104,5.2587934,5.310259,5.2445755,5.063179,4.9551244,4.9005,4.8490686,4.856414,5.037831,4.8934054
5.2490816,5.2587624,5.310329,5.2447367,5.0634956,4.9555283,4.9009414,4.8494353,4.8567457,5.038126,4.893636
5.250011,5.259469,5.3107057,5.2449417,5.0634055,4.9551687,4.900446,4.84903,4.8563013,5.037679,4.8932176
5.249486,5.25921,5.310776,5.245271,5.064167,4.9562016,4.9016137,4.8499985,4.857216,5.038521,4.893922
5.254085,5.26219,5.3115516,5.2445517,5.0609794,4.951221,4.895714,4.845113,4.8523893,5.033941,4.889904
5.2561107,5.2636094,5.312149,5.2446427,5.0602255,4.9497914,4.893943,4.8436484,4.850897,5.0324955,4.8886166
5.259132,5.265639,5.3128695,5.2444987,5.0586653,4.9471545,4.890757,4.8410063,4.8482504,5.029958,4.886382
5.2634807,5.2683177,5.3134704,5.243587,5.055322,4.9420924,4.884814,4.836061,4.843403,5.0253725,4.8824186
5.2685924,5.2713804,5.3141,5.2423787,5.051203,4.935943,4.8776236,4.8300614,4.8375397,5.0198326,4.8776636
5.2729278,5.2737637,5.3142686,5.2407413,5.046776,4.929665,4.8703775,4.8239975,4.831659,5.0143013,4.872942
5.2760262,5.2751794,5.313832,5.2386312,5.042172,4.923529,4.863398,4.8181424,4.826013,5.009009,4.8684115
5.2781334,5.2760425,5.3133583,5.23689,5.0385785,4.9188366,4.8580804,4.813675,4.8217053,5.004969,4.8649445
5.278076,5.275602,5.312494,5.235469,5.0364046,4.9163504,4.855362,4.8113923,4.8195395,5.002961,4.8631897
5.276012,5.2740793,5.311519,5.234778,5.036206,4.916662,4.855882,4.811834,4.82003,5.003467,4.86358
5.274923,5.2733335,5.311124,5.2346115,5.0364113,4.9171834,4.8565454,4.8123927,4.820597,5.004018,4.8640313
5.273824,5.2725883,5.310748,5.2344837,5.0366783,4.9177775,4.857292,4.813022,4.8212337,5.0046353,4.864546
5.2724667,5.2717957,5.310554,5.2347717,5.0377035,4.9193125,4.8590884,4.814531,4.8227096,5.0060325,4.865729
5.270147,5.270631,5.3106256,5.2359223,5.0404873,4.92313,4.8634567,4.8181944,4.826247,5.0093474,4.868544
5.2700543,5.270645,5.310757,5.2361817,5.040931,4.923666,4.864048,4.8186903,4.8267174,5.009782,4.868916
5.270202,5.2707953,5.310907,5.236358,5.041145,4.923874,4.8642583,4.8188667,4.826873,5.009917,4.869028
5.2708564,5.271232,5.311098,5.236379,5.040898,4.9234176,4.863696,4.8183956,4.8263965,5.0094547,4.8686295
5.27234,5.272092,5.311273,5.236003,5.0396795,4.9216228,4.861599,4.816636,4.824673,5.0078206,4.867231
5.2730403,5.272441,5.311235,5.23562,5.0387883,4.9204116,4.8602095,4.8154697,4.823539,5.00675,4.8663073
5.27599,5.273911,5.31116,5.234174,5.035287,4.9156117,4.854716,4.8108544,4.81908,5.0025673,4.8627625
5.2776794,5.2746477,5.310922,5.2330155,5.0327773,4.9122887,4.850944,4.807682,4.816025,4.999707,4.860333
5.2789884,5.275182,5.310675,5.2320085,5.0306683,4.9095297,4.84782,4.805052,4.8134923,4.9973354,4.858316
5.2810864,5.2759886,5.310222,5.2303033,5.0271497,4.9049573,4.84266,4.800703,4.809318,4.9934387,4.8550234
5.282995,5.2764835,5.309391,5.228055,5.022879,4.899584,4.8366585,4.7956414,4.804489,4.988955,4.851247
5.2855377,5.2768555,5.3078113,5.224263,5.015975,4.8910627,4.8271976,4.7876515,4.796886,4.981916,4.8453307
5.285889,5.276215,5.306312,5.2216015,5.011725,4.886145,4.821833,4.7831254,4.7926126,4.9779906,4.8420014
5.2860646,5.2753177,5.304521,5.218539,5.006932,4.8806663,4.8158894,4.778109,4.787893,4.9736757,4.8383565
5.285404,5.274258,5.3031464,5.216555,5.0041394,4.8776746,4.8127084,4.7754316,4.7853994,4.9714227,4.8364305
5.284816,5.2735705,5.302388,5.2155647,5.0028505,4.876367,4.8113446,4.774288,4.784346,4.9704833,4.8356214
5.284807,5.2731147,5.301579,5.2142267,5.00079,4.8740387,4.808835,4.772169,4.7823615,4.968682,4.83411
5.2853856,5.2730665,5.301024,5.2130356,4.9987226,4.871555,4.8061028,4.7698545,4.7801657,4.966661,4.8324213
5.286223,5.273221,5.3006196,5.2119613,4.996736,4.8691015,4.80337,4.7675357,4.7779455,4.9645967,4.830688
5.2868156,5.273135,5.299996,5.2106404,4.994469,4.866395,4.8003926,4.7650113,4.7755466,4.9623857,4.828835
5.2874923,5.272989,5.2992086,5.2090077,4.99169,4.863093,4.796768,4.7619376,4.7726297,4.9597025,4.8265915
5.287801,5.272522,5.2981563,5.2071075,4.9886475,4.8595924,4.7929654,4.7587156,4.769589,4.956924,4.8242626
5.287723,5.2719803,5.2972736,5.20567,4.98647,4.857165,4.790352,4.7565055,4.767513,4.955038,4.822672
5.2878017,5.2713804,5.296177,5.2038016,4.983571,4.8538885,4.7868133,4.7535086,4.7646904,4.9524684,4.820513
5.2881174,5.271246,5.2957077,5.2028613,4.9820046,4.8520536,4.784801,4.7517996,4.763065,4.9509697,4.8192515
5.288029,5.271336,5.295917,5.2032366,4.982619,4.8527694,4.785563,4.752447,4.763663,4.9514976,4.819667
5.2881346,5.2715125,5.2961335,5.2035356,4.9830394,4.853219,4.7860246,4.7528367,4.7640123,4.951794,4.8198977
5.288516,5.271932,5.29656,5.204051,4.9836855,4.8538513,4.786657,4.7533665,4.764482,4.9521866,4.8202157
5.2885957,5.2721624,5.296891,5.204557,4.984433,4.8546724,4.7875257,4.754101,4.7651606,4.9527884,4.8207088
5.2880626,5.272064,5.297119,5.20519,4.985614,4.856134,4.7891445,4.755481,4.7664766,4.9540052,4.8217125
5.287723,5.27214,5.2975054,5.205996,4.9869857,4.857761,4.790929,4.7569957,4.7679143,4.955327,4.822814
5.2872925,5.272239,5.2980103,5.2070484,4.9887705,4.8598742,4.793252,4.758968,4.7697897,4.957057,4.824266
5.287084,5.2721357,5.298001,5.2071457,4.9889984,4.8601794,4.793616,4.7592783,4.7701054,4.9573717,4.8245506
5.2872763,5.2719693,5.297572,5.20635,4.987697,4.8586655,4.791977,4.7578883,4.768801,4.956191,4.82358
5.2878933,5.272231,5.2975597,5.206039,4.9869766,4.8576984,4.790883,4.7569532,4.7679005,4.9553485,4.822892
5.2879972,5.2721014,5.2972608,5.205496,4.986101,4.8566866,4.7897882,4.756025,4.767028,4.9545574,4.822238
5.288249,5.27225,5.2973266,5.205485,4.9859858,4.856494,4.789557,4.755825,4.766828,4.9543624,4.8220778
5.2882752,5.272051,5.2969637,5.204868,4.985028,4.8554106,4.788389,4.754836,4.7658997,4.9535203,4.8213744
5.288371,5.272019,5.296835,5.2046046,4.984586,4.8548913,4.7878175,4.7543507,4.7654366,4.9530916,4.8210125
5.2883253,5.2719374,5.2967267,5.204443,4.984357,4.854646,4.7875543,4.7541285,4.765227,4.9528995,4.8208447
5.2883754,5.2717967,5.296447,5.203952,4.9835835,4.8537655,4.786601,4.753321,4.7644663,4.9522066,4.8202653
5.288516,5.2716703,5.296127,5.203353,4.9826083,4.852636,4.7853723,4.752278,4.7634807,4.951306,4.8195143
5.288753,5.2717314,5.296053,5.203112,4.982147,4.852059,4.7847257,4.7517266,4.762949,4.950807,4.819095
5.2891736,5.271906,5.296041,5.2028904,4.9816437,4.8513885,4.7839656,4.7510753,4.762319,4.9502153,4.8186088
5.289726,5.2723365,5.2963676,5.203166,4.9818535,4.8514867,4.7840157,4.7511086,4.762322,4.950185,4.818588
5.2900085,5.272049,5.295678,5.201889,4.9797826,4.84909,4.7814207,4.748904,4.7602487,4.948302,4.8170333
5.289966,5.2716284,5.2949963,5.2007723,4.9780865,4.8471994,4.7793922,4.747185,4.758636,4.946843,4.815813
5.2894897,5.27051,5.293454,5.1984363,4.9746876,4.8435106,4.775478,4.7438745,4.755554,4.9440846,4.813508
5.288694,5.269174,5.2917767,5.1960287,4.971302,4.8399215,4.7717,4.740685,4.7525964,4.9414554,4.8113008
5.2881336,5.2681437,5.2904506,5.1940956,4.9685545,4.8369865,4.7686086,4.7380724,4.7501736,4.939303,4.8095026
5.2870584,5.266765,5.288901,5.1920342,4.9658074,4.8341875,4.7657022,4.7356277,4.7479234,4.9373264,4.807828
5.2856913,5.265189,5.2872286,5.1899095,4.9630756,4.8314805,4.7629223,4.7332945,4.745791,4.935474,4.8062487
5.2849326,5.2641573,5.286043,5.188314,4.960918,4.8292603,4.7606215,4.731356,4.7440104,4.9339213,4.8049498
5.2844872,5.2634106,5.285128,5.1870456,4.9591374,4.827373,4.7586794,4.729714,4.742519,4.932648,4.8039336
5.283432,5.2622633,5.2839627,5.185642,4.9573855,4.825677,4.7569814,4.728292,4.741247,4.931587,4.8030562
5.282053,5.2608767,5.2826223,5.1841044,4.9555526,4.8239713,4.7553034,4.726894,4.740012,4.930578,4.802215
5.281183,5.2599797,5.2817507,5.1831107,4.954356,4.822844,4.7542124,4.725982,4.7392225,4.9299583,4.8017282
5.279215,5.258169,5.2801065,5.1813426,4.9523954,4.821149,4.7525864,4.7246404,4.738055,4.9290285,4.8009186
5.277514,5.256684,5.278806,5.179989,4.9509735,4.8199973,4.7514887,4.7237434,4.737271,4.9283943,4.80032
5.27674,5.2559814,5.2781806,5.1793375,4.950269,4.8194017,4.750935,4.723288,4.736888,4.9281087,4.8000827
5.275925,5.255292,5.2775965,5.1787553,4.9496903,4.818963,4.7505336,4.7229633,4.736613,4.927899,4.799879
5.2758183,5.2551885,5.2775054,5.1786723,4.9495997,4.818884,4.750476,4.722915,4.736586,4.9279,4.7999005
5.277062,5.256232,5.2783885,5.1795597,4.950481,4.8195453,4.751095,4.723415,4.73702,4.928251,4.800258
5.27869,5.2576814,5.2796974,5.1809974,4.952052,4.8208704,4.752422,4.7245064,4.73802,4.929126,4.8011074
5.280238,5.259226,5.281248,5.182934,4.9544063,4.823068,4.7547536,4.7264495,4.7398744,4.930846,4.802751
5.2807903,5.2599797,5.282179,5.1843243,4.956303,4.825008,4.7569013,4.7282567,4.7416487,4.932552,4.8043623
5.2806473,5.260001,5.282347,5.184728,4.956965,4.8257637,4.7577853,4.7290077,4.742412,4.9333186,4.805089
5.280449,5.259912,5.2823534,5.18486,4.957238,4.8261104,4.7582045,4.7293653,4.7427826,4.9336967,4.805444
5.281071,5.260879,5.283603,5.186745,4.9598627,4.828848,4.761203,4.731895,4.745238,4.936014,4.8075757
5.2804656,5.260441,5.283323,5.1866083,4.959877,4.8290043,4.7614684,4.7321305,4.745523,4.9363537,4.8079095
5.27934,5.259475,5.282521,5.1858535,4.9591455,4.8284583,4.761025,4.731774,4.7452707,4.9362307,4.8078384
5.2787585,5.259115,5.282365,5.1859255,4.9594665,4.828948,4.761661,4.732322,4.745863,4.936862,4.808441
5.278506,5.25904,5.282448,5.186225,4.9600124,4.8296094,4.762438,4.732985,4.746538,4.937536,4.8090687
5.276636,5.2571387,5.2805586,5.1839633,4.957272,4.8270264,4.759811,4.7307906,4.744529,4.9357924,4.8075204
5.275081,5.2553706,5.2786117,5.1813707,4.953921,4.823712,4.756275,4.727823,4.741694,4.93318,4.8051066
5.271938,5.252399,5.275798,5.1781406,4.9501934,4.8203692,4.7528934,4.725014,4.739115,4.9309297,4.80302
5.270567,5.251197,5.2747355,5.1770134,4.9489994,4.81939,4.7519407,4.724232,4.7384157,4.9303412,4.802454
5.2690287,5.249893,5.273613,5.1758494,4.947815,4.8184714,4.751047,4.7235045,4.737759,4.9297767,4.8018737
5.268294,5.2493706,5.2732205,5.1754804,4.9475474,4.818379,4.7509394,4.7234297,4.737659,4.929638,4.801633
5.2690196,5.2500186,5.2737737,5.1760125,4.9480915,4.8188148,4.7513013,4.7237253,4.737874,4.929747,4.801686
5.270152,5.251009,5.274606,5.176801,4.948873,4.8194175,4.751793,4.7241244,4.7381573,4.929881,4.8017507
5.271228,5.2519207,5.275356,5.17749,4.949522,4.8198833,4.7521553,4.7244143,4.7383513,4.9299536,4.801781
5.270215,5.2512436,5.2749333,5.1772614,4.949566,4.8201895,4.7525616,4.7247777,4.738727,4.930328,4.8020525
5.270397,5.251485,5.275204,5.177611,4.950034,4.82067,4.753047,4.725186,4.7390933,4.930632,4.802294
5.26997,5.251282,5.2751684,5.1777534,4.9504204,4.8212066,4.7536597,4.725713,4.7396073,4.931114,4.8026867
5.2702446,5.2516785,5.2756324,5.178372,4.951268,4.8220873,4.7545605,4.726473,4.740296,4.9316974,4.8031573
5.2706423,5.2521787,5.2761784,5.179059,4.952174,4.8230066,4.755482,4.727248,4.7409854,4.9322634,4.8036013
5.2708683,5.2525268,5.276598,5.1796303,4.9529686,4.823839,4.7563396,4.7279716,4.741645,4.9328275,4.80406
5.271531,5.253226,5.2772913,5.180439,4.953959,4.824784,4.757268,4.7287483,4.7423267,4.9333773,4.8045015
5.2723427,5.2539268,5.2778807,5.1810093,4.9545226,4.8252153,4.757637,4.729048,4.742557,4.9335194,4.804611
5.2726398,5.254324,5.2783337,5.181607,4.9553285,4.8260427,4.7584863,4.7297626,4.7432075,4.9340754,4.805068
5.272079,5.25406,5.2783017,5.1818337,4.9558926,4.8268075,4.759373,4.7305226,4.7439604,4.934799,4.8056855
5.2713156,5.253805,5.278443,5.1824574,4.9571443,4.828386,4.761166,4.7320523,4.745458,4.93622,4.806905
5.2709584,5.253625,5.2784123,5.1826024,4.957501,4.8288655,4.7617407,4.7325435,4.7459598,4.9367204,4.807358
5.2698846,5.2531996,5.278511,5.183316,4.959012,4.830806,4.7639704,4.7344456,4.747839,4.938521,4.8089194
5.2697067,5.253345,5.2789073,5.184075,4.9602447,4.8322215,4.765528,4.7357655,4.749108,4.939696,4.809936
5.2697425,5.253992,5.2800093,5.185892,4.9630275,4.835317,4.7688646,4.738587,4.751776,4.942113,4.8119946
5.2704477,5.2553916,5.281904,5.1886826,4.967051,4.839643,4.773443,4.742448,4.755376,4.945313,4.814697
5.2708864,5.256466,5.2834506,5.1910377,4.9705043,4.843398,4.777449,4.745827,4.7585454,4.948158,4.8171167
5.2723675,5.2580075,5.284983,5.192854,4.9727216,4.845516,4.779569,4.747599,4.760127,4.9494867,4.8182306
5.273575,5.2591925,5.286105,5.194124,4.974205,4.84688,4.7809057,4.748713,4.7611027,4.950287,4.818897
5.2747297,5.2603855,5.2872806,5.195503,4.9758773,4.848471,4.782488,4.750035,4.7622743,4.9512625,4.819705
5.273921,5.2605186,5.2881784,5.1973977,4.9791107,4.8522983,4.786714,4.7536154,4.7657094,4.9544415,4.82242
5.2727556,5.2610865,5.290171,5.2012644,4.9855356,4.8598127,4.794953,4.760584,4.7723513,4.960539,4.827605
5.2717857,5.2618947,5.292477,5.205538,4.992527,4.8679423,4.803828,4.7680783,4.7794633,4.967038,4.8331165
5.270802,5.2623,5.2941046,5.2086926,4.9978023,4.874156,4.810647,4.7738314,4.7849393,4.972064,4.837395
5.269672,5.262543,5.2956023,5.2116976,5.0029144,4.880239,4.8173466,4.779479,4.790325,4.9770184,4.8416224
5.2673593,5.2620773,5.2969065,5.2149234,5.008866,4.8875957,4.82555,4.786392,4.7969666,4.9831743,4.8468876
5.2652884,5.2613997,5.297637,5.2170877,5.0130825,4.892934,4.831558,4.791449,4.8018575,4.9877357,4.8508186
5.2635055,5.2606516,5.2979817,5.2184863,5.0159945,4.89672,4.835862,4.7950683,4.805385,4.9910483,4.853697
5.2617693,5.2599025,5.2983027,5.219815,5.018785,4.9003625,4.8400073,4.7985506,4.8087807,4.994236,4.8564715
5.257893,5.258068,5.2987156,5.2222424,5.02421,4.9075985,4.8482575,4.805469,4.8155155,5.0005393,4.861921
5.2554913,5.2569385,5.2990394,5.2238474,5.027742,4.9122925,4.853601,4.8099422,4.819862,5.004599,4.865438
5.254083,5.2561135,5.298938,5.224325,5.029085,4.9142127,4.855852,4.8118243,4.8217406,5.0063925,4.8670387
5.2552314,5.256752,5.2990108,5.223948,5.0279946,4.9126534,4.854059,4.810326,4.8202887,5.0050435,4.8658996
5.2557154,5.2570605,5.2991233,5.223919,5.0277405,4.912233,4.853557,4.809907,4.8198714,5.0046473,4.8655605
5.2583833,5.258422,5.29901,5.2225494,5.024458,4.907755,4.8484344,4.805619,4.815698,5.000748,4.8622017
5.261787,5.2599072,5.298425,5.2200756,5.019155,4.9007783,4.8405404,4.7989993,4.8093023,4.994805,4.8571134
5.26334,5.2603602,5.297738,5.2182546,5.0156646,4.8963776,4.8356233,4.794871,4.805342,4.991147,4.8539896
5.2643175,5.2604666,5.296971,5.216559,5.012616,4.8926396,4.831487,4.791395,4.8020306,4.9881063,4.8514047
5.265127,5.260443,5.2961345,5.2148275,5.0095844,4.8889704,4.8274446,4.787997,4.798801,4.9851503,4.848899
5.2642484,5.2594295,5.2950487,5.213468,5.0078297,4.887195,4.825639,4.786484,4.797456,4.9840007,4.847968
5.26189,5.2573795,5.2934365,5.2119517,5.0064344,4.8862066,4.8248696,4.785849,4.7970576,4.9838204,4.8479333
5.2613325,5.2560806,5.2915206,5.2091155,5.002239,4.881567,4.8199706,4.7817373,4.7932844,4.9804997,4.8452077
5.2620196,5.2557573,5.290251,5.2067347,4.9982533,4.876857,4.81483,4.7774134,4.7891936,4.976787,4.84207
5.2624598,5.2550387,5.2884874,5.2036643,4.993302,4.8711233,4.8086214,4.7721887,4.784275,4.97235,4.838332
5.263101,5.254686,5.2872286,5.2013063,4.9893837,4.8665223,4.8035946,4.7679543,4.78025,4.9686856,4.8352146
5.262961,5.2540927,5.2862387,5.199747,4.9870257,4.8638906,4.800771,4.7655783,4.778019,4.9666796,4.833509
5.2624335,5.2530723,5.2848263,5.197692,4.9840517,4.860661,4.7973647,4.7627134,4.775368,4.9643416,4.831556
5.2619095,5.2519994,5.283315,5.1954727,4.9808245,4.8571477,4.7936516,4.75959,4.7724724,4.961782,4.829413
5.2603803,5.250455,5.2818403,5.193799,4.978841,4.855291,4.7918453,4.7580824,4.7711735,4.9607396,4.8285913
5.2594385,5.249448,5.2808275,5.1925974,4.977357,4.8538523,4.790415,4.7568855,4.770121,4.9598703,4.827891
5.25811,5.2485623,5.280389,5.1925144,4.97776,4.8546386,4.791421,4.757745,4.771031,4.9607887,4.8287153
5.2578287,5.248633,5.2807693,5.1932645,4.9790373,4.8561516,4.793074,4.759139,4.772358,4.9619923,4.829733
5.256577,5.248284,5.28127,5.1946745,4.981728,4.8595047,4.7968297,4.76231,4.775438,4.964849,4.8321967
5.254427,5.2479525,5.28268,5.1979785,4.987733,4.8668437,4.804978,4.7691774,4.7820587,4.970941,4.8374343
5.2553163,5.2490716,5.283957,5.199635,4.9899483,4.86913,4.807327,4.7711463,4.783836,4.972466,4.838686
5.258086,5.2507286,5.284463,5.199161,4.988084,4.866315,4.8039694,4.768306,4.780958,4.969686,4.836234
5.259133,5.251441,5.2848177,5.199243,4.9877877,4.8657165,4.803196,4.7676477,4.7802553,4.9689736,4.8355856
5.260269,5.2521477,5.2850833,5.1991363,4.987164,4.864724,4.801989,4.766624,4.779204,4.967942,4.834668
5.2618494,5.2529025,5.285035,5.1983056,4.98524,4.862151,4.79903,4.7641206,4.7767286,4.965599,4.8326273
5.2634025,5.2536287,5.2849665,5.197444,4.9832835,4.8595533,4.79604,4.761589,4.7742224,4.96322,4.8305492
5.264459,5.2540517,5.284791,5.196641,4.9816213,4.8574157,4.793603,4.7595263,4.772192,4.961302,4.8288755
5.267151,5.255314,5.284729,5.1952276,4.9783707,4.8530855,4.788607,4.7552867,4.7679887,4.957295,4.8253813
5.2683344,5.255642,5.2843,5.1939325,4.975908,4.8500257,4.785158,4.7523627,4.765135,4.954615,4.823058
5.2690654,5.255865,5.2840695,5.193179,4.9744616,4.848223,4.7831135,4.750628,4.76343,4.9529996,4.821643
5.2701774,5.2563324,5.2839665,5.1924486,4.9729037,4.8462048,4.780791,4.748653,4.7614737,4.951128,4.820005
5.270545,5.256345,5.2836714,5.191765,4.9717097,4.8447785,4.779194,4.7472997,4.7601542,4.9498878,4.8189187
5.271002,5.2563405,5.2832823,5.190885,4.9701786,4.8429537,4.7771616,4.7455764,4.758485,4.9483294,4.8175683
5.2718806,5.2567925,5.2833576,5.190558,4.969337,4.8417993,4.7757974,4.744412,4.7573104,4.9471793,4.81655
5.2726765,5.25752,5.2839823,5.191178,4.969986,4.842337,4.776259,4.744792,4.757593,4.9473453,4.816639
5.2734356,5.258138,5.2844477,5.1915536,4.9702754,4.8424788,4.7763033,4.7448196,4.7575502,4.9472246,4.816493
5.274033,5.258527,5.284648,5.1915812,4.9700866,4.8421245,4.775842,4.744422,4.7571263,4.9467845,4.8160954
5.2741423,5.258674,5.2848125,5.1917915,4.97037,4.842417,4.7761345,4.7446685,4.757343,4.9469604,4.8162274
5.274326,5.2589583,5.2851586,5.1922655,4.9710293,4.843113,4.7768536,4.745274,4.757894,4.9474344,4.816612
5.2738013,5.258869,5.2854185,5.1929536,4.972294,4.8446593,4.778577,4.7467384,4.7593074,4.9487495,4.8177285
5.273819,5.2590528,5.285722,5.193441,4.973039,4.845493,4.7794642,4.7474885,4.7600064,4.949371,4.818242
5.2736535,5.2594337,5.286522,5.1948423,4.9752645,4.8480306,4.7822094,4.749811,4.7622004,4.951359,4.8199143
5.2736764,5.260065,5.287617,5.196637,4.978023,4.851122,4.785532,4.752618,4.7648373,4.953735,4.8219137
5.2732763,5.2603106,5.288383,5.198099,4.980435,4.853932,4.788604,4.755218,4.7673116,4.956,4.823834
5.272724,5.2603426,5.288903,5.199233,4.9824,4.8562784,4.7912,4.757416,4.7694225,4.957954,4.8255033
5.2724957,5.260544,5.28946,5.200266,4.9840837,4.8582296,4.7933326,4.759218,4.771137,4.9595237,4.8268394
5.2729273,5.260909,5.2897577,5.2005506,4.9843516,4.8584237,4.7934947,4.7593503,4.7712355,4.9595857,4.8268886
5.2735906,5.2612414,5.2898,5.200301,4.9837036,4.8575287,4.792457,4.758467,4.7703633,4.9587536,4.826178
5.274688,5.26149,5.289336,5.1990056,4.981272,4.8545194,4.7890954,4.7556157,4.7676125,4.9561944,4.8240056
5.2759085,5.261926,5.2891135,5.1980395,4.979304,4.8520045,4.7862473,4.7531943,4.7652535,4.9539733,4.8221107
5.276828,5.262103,5.2886844,5.196873,4.977149,4.8493586,4.7832904,4.7506833,4.7628264,4.951708,4.8201804
5.2770915,5.261942,5.2881837,5.1959066,4.975559,4.8475122,4.7812624,4.748965,4.761183,4.95019,4.8188815
5.2765455,5.2612176,5.2873454,5.1947813,4.9740415,4.845947,4.779634,4.7475953,4.7599235,4.9490857,4.8179493
5.2761,5.26066,5.2867184,5.1939545,4.9729443,4.844828,4.7784743,4.746621,4.7590284,4.9483023,4.8172855
5.2754154,5.260157,5.2863746,5.1937165,4.972845,4.8448873,4.7786098,4.746745,4.7591834,4.948485,4.8174386
5.274739,5.2595625,5.285871,5.1932173,4.97234,4.844488,4.778258,4.7464576,4.7589574,4.948333,4.8173223
5.2742033,5.2591667,5.2856007,5.193034,4.9722676,4.844538,4.7783737,4.7465625,4.759092,4.9484944,4.817467
5.273672,5.258932,5.2856116,5.1933126,4.9729037,4.845382,4.7793417,4.747388,4.7599025,4.949265,4.8181243
5.273727,5.2591963,5.2860317,5.1939783,4.973908,4.8464947,4.7805314,4.7483926,4.7608433,4.9501076,4.818831
5.274316,5.2593846,5.2858973,5.193472,4.972897,4.845214,4.7790923,4.747168,4.7596583,4.949002,4.8178997
5.274622,5.2592473,5.2854214,5.192544,4.9713464,4.843399,4.777114,4.7454906,4.758067,4.9475536,4.8166885
5.2746124,5.2589164,5.2848563,5.19162,4.9699254,4.841808,4.775412,4.744051,4.756719,4.946347,4.8156843
5.2744293,5.258641,5.2845235,5.1911635,4.969294,4.8411446,4.7747235,4.7434707,4.756188,4.9458857,4.815303
5.2745953,5.2584434,5.2840524,5.1903043,4.967906,4.8395486,4.7729917,4.7420034,4.7547975,4.944622,4.8142405
5.2751503,5.2585936,5.283882,5.1897473,4.966835,4.838215,4.771493,4.740727,4.7535586,4.9434614,4.813254
5.275255,5.25857,5.2837577,5.189484,4.96639,4.8376923,4.770913,4.7402353,4.7530837,4.943018,4.81287
5.276838,5.2594104,5.283998,5.189098,4.965185,4.835958,4.76887,4.738481,4.7513323,4.9413185,4.8114233
5.2780247,5.2600236,5.2841597,5.188783,4.9642434,4.834613,4.7672973,4.73713,4.7499905,4.940026,4.8103333
5.278508,5.2602124,5.2841196,5.1884713,4.9635806,4.8337545,4.766317,4.7362914,4.7491674,4.9392414,4.8096642
5.2790685,5.2603216,5.2839003,5.1878467,4.962403,4.832297,4.764707,4.7349167,4.747854,4.9380355,4.808674
5.279778,5.260627,5.2839093,5.1875296,4.9616404,4.831265,4.7635436,4.7339177,4.7468896,4.93714,4.8079515
5.2799067,5.2605653,5.28371,5.1871343,4.9609847,4.8305016,4.7627087,4.733207,4.746212,4.936517,4.8074255
5.2803855,5.260836,5.2838244,5.1870947,4.9607396,4.830108,4.762243,4.7328033,4.7458115,4.9361324,4.807115
5.2806153,5.2609415,5.2838373,5.187003,4.9605107,4.8297954,4.7618837,4.732495,4.7455087,4.9358435,4.8068748
5.2807593,5.2610106,5.283851,5.1869593,4.9603877,4.8296213,4.7616863,4.7323246,4.7453437,4.93569,4.8067527
5.280234,5.260487,5.2833495,5.186388,4.9597106,4.828996,4.761072,4.731813,4.744893,4.9353228,4.806446
5.279759,5.259985,5.2828503,5.1858034,4.9589944,4.8283095,4.7603965,4.731248,4.7443957,4.934919,4.8061204
5.2798266,5.2599664,5.2827816,5.185677,4.9587703,4.828037,4.7601185,4.7310095,4.7441864,4.934751,4.806012
5.2798243,5.2599177,5.282705,5.185555,4.958583,4.8278275,4.7598996,4.7308245,4.744016,4.934605,4.805898
5.2795644,5.2596426,5.2824216,5.185202,4.9581423,4.8274035,4.75946,4.730456,4.743674,4.9342995,4.8056226
5.279952,5.2599444,5.282652,5.185396,4.958292,4.827474,4.7594976,4.7304816,4.743679,4.9342813,4.8056135
5.2795806,5.259584,5.2823043,5.1849856,4.957808,4.82703,4.7590437,4.7301035,4.74333,4.9339724,4.805329
5.278421,5.2585387,5.2813644,5.1839733,4.9567037,4.826093,4.758133,4.729353,4.742665,4.933422,4.8048244
5.2767653,5.2571363,5.2801747,5.1827817,4.9555154,4.825187,4.757298,4.7286763,4.7420883,4.9329734,4.804388
5.275514,5.2561507,5.2794013,5.1820893,4.954938,4.8248596,4.75705,4.728489,4.7419586,4.9329114,4.8042917
5.274554,5.2554736,5.278944,5.181786,4.954845,4.824998,4.75728,4.728702,4.7421966,4.933169,4.804477
5.273975,5.255095,5.278723,5.181698,4.9549336,4.825241,4.757596,4.7289796,4.742486,4.933462,4.804714
5.2734447,5.254796,5.2785997,5.1817474,4.9552155,4.825687,4.7581244,4.729437,4.7429414,4.933902,4.8050737
5.2734675,5.2548695,5.278706,5.181911,4.955457,4.8259525,4.758404,4.7296734,4.74316,4.9340925,4.805229
5.273539,5.2549944,5.278863,5.1821322,4.9557705,4.8262854,4.7587485,4.729965,4.7434278,4.9343243,4.8054185
5.2734594,5.255037,5.278991,5.1823764,4.956178,4.826761,4.7592616,4.730401,4.7438374,4.934692,4.8057184
5.27282,5.2547436,5.2789607,5.182634,4.9568224,4.8276386,4.7602654,4.731262,4.74468,4.9354863,4.806377
5.2729354,5.25505,5.279393,5.1832867,4.957782,4.8286824,4.761367,4.7321935,4.745545,4.9362497,4.8070087
5.2732882,5.255442,5.2798004,5.1837883,4.958417,4.8293047,4.7619963,4.7327213,4.746021,4.936652,4.8073463
5.273665,5.255789,5.2801123,5.1841197,4.9587803,4.8296175,4.7622924,4.732966,4.746231,4.9368167,4.8074856
5.2740555,5.2561893,5.280504,5.184575,4.9593306,4.8301353,4.762804,4.733393,4.746608,4.9371257,4.80774
5.2747993,5.256873,5.2811155,5.1852155,4.960029,4.8307343,4.7633615,4.733853,4.746993,4.9374137,4.807973
5.2758446,5.2577143,5.2817707,5.1857815,4.960496,4.831001,4.763529,4.7339787,4.7470455,4.9373803,4.8079343
5.276833,5.2585273,5.2824183,5.186357,4.9610023,4.8313255,4.7637596,4.7341585,4.7471485,4.93739,4.8079247
5.2775707,5.258972,5.2826343,5.1863565,4.9607162,4.830824,4.7631464,4.733626,4.7466097,4.9368577,4.807485
5.2782354,5.259257,5.28264,5.1860533,4.9599924,4.8298483,4.7620444,4.7326803,4.745695,4.9360065,4.8067946
5.2784843,5.2593284,5.282583,5.1858416,4.9595714,4.829315,4.761452,4.732173,4.7452087,4.9355574,4.8064275
5.27833,5.259133,5.2823634,5.18555,4.959183,4.828922,4.7610426,4.7318287,4.7448907,4.9352775,4.8061867
5.277729,5.2587123,5.2820783,5.1853523,4.959113,4.828998,4.761166,4.7319455,4.7450156,4.935405,4.8062606
5.276968,5.258315,5.281948,5.1854916,4.9596243,4.8297615,4.7620444,4.7327037,4.7457547,4.9360995,4.8068113
5.2762523,5.258073,5.282057,5.186015,4.960706,4.8311477,4.7636003,4.7340345,4.74704,4.937298,4.8078036
5.275762,5.2580495,5.2823796,5.1867914,4.9620876,4.8328104,4.7654386,4.7355995,4.7485414,4.9386854,4.80897
5.2762737,5.2585025,5.2827764,5.187206,4.962527,4.833172,4.76578,4.73588,4.748782,4.9388757,4.80914
5.2765193,5.2586074,5.28278,5.1871004,4.9622674,4.8328185,4.7653847,4.735541,4.748458,4.9385786,4.808906
5.2765055,5.258636,5.2828407,5.18721,4.9624405,4.8330154,4.7656,4.735723,4.748632,4.938739,4.809044
5.2760563,5.258452,5.28286,5.187461,4.9630003,4.833751,4.7664375,4.7364397,4.7493315,4.9394,4.8095984
5.275454,5.258324,5.2830925,5.1881456,4.964285,4.8353333,4.768205,4.737946,4.7507873,4.9407578,4.8107457
5.2752385,5.258658,5.2838326,5.189483,4.9664254,4.837777,4.7708607,4.7401967,4.752923,4.942706,4.812393
5.2756023,5.2592278,5.284542,5.190487,4.9678273,4.8392525,4.7724147,4.741506,4.7541404,4.9437876,4.813312
5.275709,5.2597117,5.2853045,5.191708,4.9696617,4.841276,4.7745905,4.7433453,4.755875,4.945359,4.814651
5.2758894,5.260109,5.285861,5.1925516,4.970887,4.8426013,4.7760067,4.74454,4.756999,4.946375,4.8155217
5.2761083,5.260496,5.2863708,5.1932993,4.9719505,4.8437347,4.7772136,4.745558,4.757953,4.9472337,4.81626
5.27648,5.2609916,5.286949,5.1940827,4.9730096,4.8448277,4.7783556,4.7465177,4.758841,4.9480186,4.8169293
5.2767158,5.2614193,5.2875133,5.1949086,4.974188,4.846088,4.7796926,4.7476454,4.7598944,4.9489627,4.8177333
5.2771573,5.2616377,5.287556,5.194772,4.9738035,4.845546,4.779071,4.7471123,4.7593737,4.9484715,4.81733
5.2772865,5.2616706,5.2875137,5.1946406,4.973551,4.8452296,4.778719,4.746813,4.759087,4.948207,4.8171105
5.2772098,5.261271,5.286886,5.193647,4.9720483,4.8435626,4.776943,4.7453113,4.757687,4.9469585,4.816075
5.277012,5.26038,5.2855062,5.19147,4.9687753,4.8399425,4.7730885,4.7420516,4.7546434,4.9442415,4.813813
5.276454,5.259449,5.284332,5.1898026,4.9664254,4.83745,4.770476,4.739848,4.752608,4.942451,4.8123183
5.2756715,5.2586083,5.283477,5.188769,4.96514,4.8362055,4.769221,4.738798,4.7516627,4.94165,4.8116436
5.274268,5.257501,5.282635,5.188064,4.964599,4.835948,4.769097,4.738714,4.7516675,4.9417534,4.8117375
5.2731752,5.2567067,5.282103,5.1877227,4.964498,4.836102,4.769387,4.7389765,4.7519836,4.9421206,4.8120594
5.2720346,5.2558155,5.281445,5.187203,4.9641385,4.835977,4.769389,4.7389946,4.7520795,4.942301,4.8122354
5.271162,5.255197,5.281055,5.186996,4.964157,4.8362107,4.7697473,4.7393093,4.7524395,4.9427004,4.8125963
5.269603,5.2542605,5.280657,5.187124,4.964957,4.8374825,4.7713137,4.740655,4.753826,4.944091,4.8138213
5.267949,5.253317,5.28034,5.1874413,4.966086,4.8391438,4.773321,4.742373,4.7555823,4.9458337,4.815367
5.266127,5.252003,5.279523,5.1870203,4.9661417,4.8396435,4.7741103,4.743062,4.7563906,4.946747,4.8162336
5.2647886,5.2513094,5.279411,5.1875153,4.9674253,4.841404,4.7761884,4.744833,4.758178,4.9484906,4.817781
5.2635627,5.2507234,5.2794056,5.188125,4.9688454,4.8432927,4.77839,4.7467055,4.760054,4.9503026,4.819384
5.2628193,5.250298,5.279286,5.188312,4.9694214,4.8441167,4.7793894,4.747556,4.760932,4.9511776,4.820182
5.262481,5.249977,5.2790136,5.188047,4.9691396,4.8438797,4.779196,4.7473965,4.7608256,4.951133,4.820186
5.2621794,5.2495723,5.278553,5.187452,4.968336,4.8430486,4.778354,4.746689,4.7601953,4.950609,4.8197756
5.2613053,5.24877,5.2778683,5.1867723,4.967626,4.8424616,4.7778506,4.746274,4.759889,4.950429,4.8196826
5.2596507,5.2471914,5.2764573,5.185291,4.9659824,4.8410187,4.7765326,4.745179,4.759009,4.9498086,4.8192563
5.258638,5.246272,5.275678,5.1845245,4.9651933,4.8403783,4.7759876,4.74473,4.7586794,4.9496183,4.819157
5.257187,5.2452445,5.275081,5.184264,4.9653606,4.840921,4.7767634,4.7454,4.759436,4.950433,4.8199196
5.2560353,5.2445445,5.274818,5.1843977,4.9660225,4.8419456,4.778015,4.746467,4.76054,4.951526,4.820901
5.254864,5.243898,5.274678,5.1847453,4.9670234,4.8433576,4.7796874,4.7478886,4.7619834,4.952929,4.8221526
5.2533197,5.2431703,5.2747364,5.185594,4.968951,4.8459063,4.782631,4.750383,4.7644725,4.9553003,4.8242474
5.2502522,5.241661,5.2747717,5.187136,4.972567,4.85074,4.7882295,4.7551217,4.7692122,4.9598184,4.828251
5.2427883,5.237762,5.274659,5.190503,4.980822,4.86195,4.801263,4.7661223,4.7802606,4.9703455,4.837648
5.23477,5.2336597,5.27503,5.1947956,4.990843,4.8754096,4.816754,4.7791324,4.793226,4.98254,4.8485055
5.228586,5.229998,5.274564,5.1968436,4.996652,4.8836703,4.8264337,4.787232,4.801424,4.9903197,4.855554
5.2240677,5.226881,5.273449,5.1970973,4.9989576,4.887513,4.8311744,4.7911906,4.805614,4.9944177,4.8594236
5.22211,5.225366,5.2726784,5.196757,4.9992447,4.8883667,4.8323765,4.792195,4.806794,4.995651,4.8606863
5.2207713,5.224583,5.272676,5.197349,5.0007463,4.8904533,4.8348002,4.7942147,4.808832,4.997569,4.862439
5.218427,5.223216,5.272652,5.198332,5.003307,4.8940296,4.8389344,4.7976565,4.8122773,5.0007873,4.8653398
5.2132387,5.2198963,5.272024,5.1995726,5.007525,4.9002986,4.8463116,4.803782,4.8184967,5.0066457,4.8706813
5.2087116,5.2172294,5.2720456,5.2015224,5.012614,4.9074197,4.854503,4.8105717,4.825241,5.0128927,4.876276
5.2111273,5.219345,5.273555,5.202875,5.013694,4.90801,4.854833,4.810858,4.8252645,5.0127516,4.875966
5.212492,5.2207613,5.274889,5.204394,5.015505,4.909735,4.856506,4.812254,4.8264155,5.0136714,4.8766203
5.2128897,5.2216506,5.276316,5.2064652,5.018624,4.9132404,4.860204,4.815328,4.8292065,5.0160975,4.8786006
5.2101355,5.2203465,5.277064,5.2087946,5.023558,4.919728,4.867492,4.8213634,4.835042,5.0214186,4.8832493
5.203964,5.2164855,5.276793,5.210935,5.029747,4.928649,4.87782,4.829886,4.843508,5.0292783,4.8903055
5.203492,5.216381,5.2772403,5.211834,5.031393,4.9307055,4.8800898,4.8317647,4.845294,5.030892,4.8917055
5.1988134,5.2131696,5.276506,5.2126102,5.034761,4.9359546,4.8863034,4.8368735,4.850468,5.03575,4.8961573
5.1951466,5.210607,5.2758846,5.213142,5.037289,4.939953,4.8910527,4.840773,4.8544345,5.03948,4.899598
5.1909122,5.2073784,5.274604,5.212876,5.038798,4.94293,4.8947883,4.8438277,4.8577056,5.0426393,4.902649
5.1869726,5.204304,5.2732825,5.21242,5.0398755,4.945324,4.897862,4.8463345,4.860446,5.045309,4.9052725
5.1856985,5.2031584,5.2725587,5.211819,5.039483,4.9452376,4.8979506,4.8464003,4.860686,5.0456214,4.905712
5.187493,5.204091,5.272173,5.2105117,5.036528,4.941272,4.893509,4.842752,4.857219,5.0424976,4.9030414
5.183834,5.2013273,5.2711616,5.210419,5.0380664,4.944125,4.897033,4.8456335,4.8602657,5.0454097,4.905828
5.1718736,5.192483,5.268371,5.2108607,5.0443745,4.9549813,4.91015,4.8563476,4.8713293,5.055843,4.915609
5.1569977,5.1814675,5.265206,5.2118177,5.05301,4.969492,4.927538,4.8705344,4.885825,5.0694337,4.928269
5.1374173,5.1664233,5.260106,5.211567,5.0620937,4.9859805,4.947626,4.8869033,4.902771,5.0854297,4.9433775
5.1177015,5.1513267,5.255303,5.2117844,5.0721917,5.003749,4.9690857,4.904448,4.92067,5.1022744,4.959081
5.0911455,5.130903,5.2484307,5.2114673,5.0850406,5.026725,4.9969316,4.9273715,4.943915,5.1242537,4.9793754
5.0714927,5.116153,5.2438087,5.2120047,5.0960045,5.045345,5.019236,4.945921,4.9622636,5.1416245,4.9949265
5.05723,5.1054587,5.2401667,5.212018,5.1033874,5.0580854,5.0345945,4.9588494,4.975038,5.153831,5.005771
5.039345,5.092234,5.23541,5.2118325,5.1124144,5.073606,5.0533247,4.974796,4.9906225,5.168818,5.018803
5.0216026,5.079705,5.2312994,5.2127056,5.1233125,5.09109,5.074074,4.992615,5.007468,5.1850405,5.0322547
5.009512,5.0714564,5.228716,5.213724,5.131546,5.103829,5.089064,5.005611,5.0195026,5.1966877,5.0415893
5.001513,5.065789,5.226409,5.2135444,5.135479,5.1104183,5.0970573,5.0127473,5.0263653,5.2034626,5.047222
4.995306,5.0611267,5.2239094,5.2123427,5.136681,5.113294,5.1008906,5.016373,5.0301757,5.2073474,5.0506935
4.988508,5.0560036,5.220951,5.210689,5.1374846,5.115762,5.104329,5.0196915,5.033698,5.2109766,5.0539002
4.9833007,5.051873,5.218167,5.20864,5.136717,5.1159906,5.105216,5.0208297,5.035327,5.2127852,5.0557804
4.9750185,5.0454693,5.213872,5.205568,5.13599,5.116833,5.107055,5.0228868,5.0378256,5.215508,5.0582795
4.9706697,5.0413437,5.20993,5.2013383,5.13099,5.111802,5.1022663,5.0192585,5.03552,5.2136245,5.0576315
4.9698553,5.0399976,5.207975,5.1986413,5.1266823,5.106889,5.0972004,5.0151725,5.032483,5.2108965,5.0561314
4.9651585,5.036067,5.2047544,5.195653,5.1241965,5.104846,5.0955453,5.0140386,5.031926,5.210582,5.0561666
4.967336,5.0367756,5.203875,5.1932955,5.1188073,5.0980754,5.08818,5.0078573,5.0269227,5.205914,5.053184
4.965351,5.035197,5.202665,5.1922593,5.118203,5.097721,5.087994,5.007751,5.0268936,5.205947,5.0531855
4.9644537,5.0337934,5.200654,5.1894712,5.1138854,5.0927963,5.0828915,5.0035663,5.023624,5.2029915,5.051346
4.9683394,5.035454,5.1999154,5.1865497,5.1066046,5.083463,5.072622,4.99488,5.016402,5.1962433,5.046829
4.9865813,5.0472183,5.204416,5.185615,5.0948563,5.065866,5.051962,4.9768705,5.0002184,5.180743,5.035303
5.0076256,5.0612674,5.2094307,5.1844974,5.081756,5.045612,5.0279765,4.9559655,4.9805937,5.1620307,5.020208
5.024667,5.0727787,5.212785,5.1826715,5.0698457,5.0273438,5.0064797,4.937466,4.9629135,5.145364,5.006206
5.040223,5.083623,5.2159,5.181227,5.0594788,5.0110626,4.9872417,4.9210615,4.9469213,5.1303754,4.9931893
5.051244,5.0909166,5.216728,5.178127,5.048764,4.9954276,4.969228,4.905915,4.9323554,5.116957,4.9815874
5.054695,5.092331,5.214721,5.1736436,5.0396204,4.983655,4.956264,4.8951597,4.922456,5.1080933,4.97426
5.0575647,5.0942016,5.214699,5.1724873,5.036302,4.9789257,4.950856,4.890629,4.9180455,5.1040645,4.9706874
5.057307,5.093782,5.2139916,5.171493,5.034809,4.9772115,4.94905,4.889131,4.9167075,5.1028953,4.96974
5.056136,5.0920606,5.2116017,5.1682353,5.030007,4.9718614,4.943516,4.884618,4.9128795,5.0996356,4.9673505
5.0517707,5.0878086,5.2080064,5.164352,5.025773,4.968048,4.940018,4.881845,4.9109764,5.0982304,4.9667892
5.045502,5.081458,5.202379,5.158033,5.0184236,4.9611154,4.933496,4.8766932,4.907313,5.0954595,4.9655437
5.037285,5.073733,5.1964192,5.151941,5.0124135,4.9562845,4.9294705,4.873678,4.9058127,5.094693,4.9661493
5.029163,5.0662417,5.1908526,5.1464076,5.00727,4.9524384,4.926497,4.8715715,4.905139,5.0946527,4.967358
5.022547,5.0603895,5.1868277,5.142693,5.0044026,4.9508305,4.9256864,4.871191,4.905749,5.09561,4.969082
5.0160923,5.0545783,5.1826015,5.1385937,5.000824,4.94833,4.9239144,4.8700385,4.905653,5.0959525,4.9703035
5.0053663,5.0454707,5.176779,5.133654,4.997958,4.947747,4.9247665,4.871306,4.908338,5.0989804,4.974277
4.994507,5.0363517,5.1708655,5.128631,4.9950542,4.9470735,4.9255347,4.872555,4.910973,5.101959,4.9781513
4.989722,5.0327344,5.169245,5.1279464,4.9962325,4.9496675,4.928975,4.8757653,4.9146137,5.1054554,4.9817157
4.984312,5.0289674,5.168066,5.128218,4.99928,4.9545856,4.934969,4.8811707,4.9203053,5.110778,4.9868016
4.967749,5.0162725,5.1610565,5.12374,5.000001,4.959365,4.942389,4.8887115,4.9294896,5.1198955,4.9964285
4.9586754,5.0095215,5.1573057,5.121473,5.00073,4.962263,4.946746,4.8931594,4.9347353,5.1250734,5.0017304
4.960466,5.0118327,5.160254,5.125443,5.006302,4.968398,4.953024,4.898331,4.939169,5.1288624,5.0045366
4.9456267,5.00117,5.154459,5.122298,5.008316,4.973998,4.9611387,4.9067817,4.948945,5.138479,5.0142446
4.9395804,4.996806,5.1518188,5.1206107,5.008523,4.9754815,4.9635773,4.909494,4.952185,5.141727,5.0175424
4.945987,5.0028563,5.1576214,5.127245,5.016143,4.983093,4.9707785,4.915021,4.9563403,5.145021,5.019401
4.9446073,5.003535,5.1605496,5.1325245,5.0252376,4.994094,4.982766,4.925654,4.9662976,5.154038,5.026938
4.931899,4.9948273,5.155468,5.129789,5.026855,4.9985228,4.9893503,4.9329667,4.974713,5.1623974,5.0351887
4.931989,4.9966044,5.158844,5.1352587,5.0355663,5.0087333,5.000261,4.9425716,4.9834533,5.1702795,5.041478
4.9285173,4.9948974,5.158583,5.1363864,5.039,5.0134172,5.00578,4.9479265,4.9888043,5.1753397,5.0459137
4.923738,4.9914885,5.156135,5.1345186,5.038249,5.013412,5.006481,4.9492364,4.9906693,5.177329,5.04807
4.922332,4.9903455,5.155146,5.1335382,5.0373607,5.012619,5.005831,4.9488325,4.990465,5.1772246,5.0481157
4.9222608,4.990499,5.1554837,5.1341343,5.0383587,5.013796,5.0070944,4.949948,4.991471,5.1781363,5.0488224
4.9234157,4.991776,5.156922,5.1359777,5.0407567,5.0164022,5.0097146,4.952119,4.993295,5.179723,5.049953
4.928004,4.9957237,5.160557,5.139877,5.044839,5.0203633,5.013278,4.9546256,4.994938,5.1809335,5.0503707
4.93994,5.003664,5.1653905,5.1424527,5.0434213,5.016419,5.0072956,4.9476237,4.986831,5.172821,5.0424128
4.9484496,5.009465,5.168787,5.1442413,5.0423217,5.0134096,5.0028367,4.942605,4.981041,5.1670446,5.0367227
4.9594793,5.0171223,5.1730623,5.146393,5.0406117,5.0090613,4.9965987,4.9358683,4.9733377,5.1594,5.0291886
4.9739943,5.0278645,5.17945,5.150515,5.0404468,5.0056186,4.990845,4.92936,4.965304,5.1512585,5.0207033
4.985941,5.0376587,5.1864066,5.1566467,5.04474,5.0079107,4.991618,4.928897,4.9631143,5.148543,5.01688
4.9889584,5.0408845,5.189838,5.1608768,5.050218,5.0136805,4.9973497,4.9334702,4.9667134,5.151567,5.018793
4.992394,5.0445495,5.1937017,5.165624,5.0563717,5.0201445,5.003759,4.9385567,4.9706564,5.1548724,5.020809
4.9963055,5.048922,5.1985974,5.1718073,5.064639,5.029028,5.012706,4.945778,4.97644,5.159827,5.024079
4.995394,5.0492706,5.200539,5.17532,5.0709076,5.0366774,5.020965,4.952771,4.9826193,5.165427,5.0283823
4.9919357,5.0475273,5.2010317,5.1776032,5.076333,5.04396,5.029206,4.960053,4.9895067,5.1718664,5.0337796
4.9875484,5.0449615,5.2007656,5.179085,5.0808644,5.050392,5.036675,4.966834,4.9961195,5.1781435,5.0392003
4.9776015,5.0380015,5.197263,5.1778154,5.0835257,5.0558248,5.043835,4.974005,5.0039144,5.1858554,5.0464616
4.9635253,5.028066,5.1914763,5.1747465,5.0851603,5.0608115,5.0511103,4.981983,5.0130906,5.195119,5.0554595
4.948547,5.017959,5.185447,5.1717772,5.0872865,5.0663724,5.0591755,4.99118,5.0236096,5.2057276,5.065652
4.936748,5.0101395,5.1803575,5.1689506,5.088148,5.0696087,5.06433,4.9976377,5.0312333,5.213495,5.0731864
4.927119,5.003658,5.175662,5.1657753,5.087447,5.070474,5.0666585,5.0013933,5.0361257,5.2186093,5.0783777
4.9217625,5.002202,5.176552,5.1699557,5.0964975,5.0820727,5.0798626,5.0144534,5.0488243,5.2307568,5.0884714
4.9121723,4.9969516,5.173183,5.1691175,5.099369,5.086972,5.08655,5.0226727,5.0579557,5.2398577,5.0968223
4.901802,4.989473,5.166383,5.162822,5.093954,5.082115,5.08295,5.0216665,5.058834,5.2412806,5.0993524
4.890394,4.981243,5.158693,5.1555076,5.087384,5.0759764,5.0781927,5.0199614,5.0592957,5.2423797,5.1018305
4.8784595,4.9718866,5.1494503,5.145755,5.0772853,5.0657187,5.069148,5.0143604,5.0561967,5.240194,5.1017923
4.863892,4.959693,5.1370654,5.1318874,5.062014,5.0497417,5.0544505,5.003999,5.0490146,5.2343946,5.099214
4.8448033,4.943775,5.1208944,5.113741,5.04218,5.029002,5.0354843,4.9907165,5.0397477,5.227008,5.0959506
4.812255,4.914731,5.0910296,5.078716,5.0024405,4.986961,4.9961157,4.961086,5.0169063,5.208174,5.085122
4.773971,4.880544,5.056177,5.0379586,4.9569473,4.9391794,4.951779,4.92786,4.9909215,5.187241,5.072897
4.732399,4.8429956,5.018149,4.993471,4.907751,4.8878393,4.904381,4.8921895,4.9624424,5.1647263,5.059293
4.696156,4.81038,4.9853854,4.955528,4.866572,4.8452125,4.8654404,4.863112,4.93906,5.146708,5.0483317
4.653886,4.7721024,4.947146,4.9114714,4.819207,4.7964993,4.8211823,4.830044,4.912175,5.1263747,5.035709
4.615911,4.7379427,4.9132214,4.872832,4.77834,4.7547884,4.783713,4.802398,4.88973,5.1098924,5.025591
4.5727177,4.698317,4.8740582,4.8283734,4.7313604,4.70712,4.740789,4.770189,4.8630753,5.0904107,5.0129585
4.5287905,4.6575174,4.833959,4.7832565,4.6839886,4.6594005,4.697864,4.7376547,4.8358335,5.070719,4.99969
4.553324,4.682241,4.8583546,4.811604,4.715261,4.691035,4.727349,4.761459,4.8565974,5.0864825,5.01141
4.585269,4.713707,4.8894763,4.8478346,4.755059,4.731487,4.7648277,4.791241,4.8822584,5.105963,5.0253606
4.6003566,4.7289176,4.904601,4.865816,4.7752724,4.752175,4.7842116,4.806841,4.895762,5.116416,5.0328555
4.56157,4.6919417,4.86808,4.8238573,4.7301226,4.7062473,4.7421656,4.774095,4.8679204,5.095468,5.018349
4.498905,4.631227,4.8084564,4.7560306,4.657452,4.6330013,4.6750813,4.721282,4.822527,5.0617537,4.994069
4.458862,4.5918493,4.7699924,4.712878,4.6115494,4.5871487,4.6330323,4.6877213,4.793361,5.040274,4.977889
4.430553,4.5634084,4.742272,4.6820035,4.5786886,4.5544825,4.602847,4.663125,4.771692,5.0242114,4.965225
4.4168005,4.549466,4.7287173,4.6670866,4.5629506,4.538889,4.5883794,4.6511517,4.7610297,5.016246,4.9587235
4.408776,4.5415726,4.721053,4.658715,4.554232,4.5302835,4.58053,4.644849,4.7555285,5.0122633,4.955596
4.39766,4.5306,4.7104087,4.6471386,4.542213,4.5184364,4.56971,4.6361094,4.74787,5.006704,4.9511695
4.3553934,4.488471,4.6695776,4.6030517,4.496538,4.4735765,4.528587,4.6025023,4.7182255,4.985105,4.93351
4.3229156,4.4560914,4.638257,4.5696883,4.4623275,4.44017,4.498026,4.577413,4.6960673,4.969052,4.920111
4.3065667,4.4396925,4.622407,4.552958,4.4452724,4.4235682,4.482794,4.5647693,4.684831,4.960866,4.9131117
4.2894907,4.4224935,4.605823,4.5357223,4.4279885,4.4067836,4.467327,4.551703,4.673079,4.952165,4.9054203
4.280523,4.413776,4.597406,4.526822,4.4189153,4.3980107,4.4594865,4.545512,4.6677938,4.9485774,4.902582
4.29756,4.4303145,4.613347,4.543554,4.4357886,4.414329,4.4740806,4.557109,4.6777587,4.955418,4.908087
4.3014326,4.433823,4.6167207,4.547144,4.4394045,4.4178114,4.477026,4.5591674,4.679345,4.956293,4.908541
4.312852,4.444105,4.6266956,4.558155,4.45099,4.429008,4.4864645,4.565511,4.684023,4.958627,4.909315
4.3489923,4.4786854,4.6601834,4.594003,4.4876904,4.4647307,4.518226,4.5900235,4.7046843,4.9725266,4.9197273
4.4101763,4.5376396,4.7173147,4.655157,4.549928,4.525759,4.573178,4.633419,4.7421193,4.9989996,4.9404655
4.4591117,4.584472,4.7628117,4.7043657,4.600192,4.5754347,4.618012,4.6686783,4.7725434,5.020847,4.9572535
4.494512,4.618418,4.7958484,4.7403517,4.6370964,4.6121325,4.651348,4.695107,4.7955117,5.037706,4.970263
4.543534,4.665957,4.8423214,4.7918425,4.6908836,4.666023,4.700815,4.7347326,4.8301454,5.063685,4.9902596
4.583953,4.703978,4.8797326,4.8339524,4.735271,4.7108035,4.7414737,4.7660723,4.8566957,5.083269,5.0040174
4.6028895,4.7212195,4.896751,4.853148,4.755406,4.731187,4.75975,4.7796535,4.8678503,5.0913367,5.0091844
4.6220584,4.73945,4.914777,4.8736997,4.7773933,4.7535625,4.780326,4.7957854,4.8816266,5.1018333,5.0166636
4.6319466,4.7487125,4.923941,4.884136,4.788509,4.764891,4.7906923,4.803812,4.8884087,5.106982,5.0202336
4.6343293,4.7507453,4.925947,4.8863587,4.790764,4.7671766,4.7926793,4.8051777,4.8894544,5.107696,5.020589
4.6203933,4.736913,4.912249,4.87058,4.773578,4.7496142,4.776186,4.79169,4.877603,5.098354,5.013503
4.5969796,4.714227,4.8898473,4.8450856,4.746255,4.72183,4.750415,4.7710505,4.859685,5.084513,5.0032144
4.5748234,4.6919117,4.8679953,4.8207073,4.720505,4.6957736,4.725809,4.750255,4.8408585,5.0695376,4.9909396
4.5635223,4.679713,4.8562336,4.808164,4.7077603,4.682966,4.71319,4.738375,4.829296,5.0597935,4.98184
4.5544796,4.6703253,4.847188,4.7986174,4.6982417,4.6734385,4.703956,4.729915,4.821168,5.053027,4.9755945
4.546072,4.661597,4.8389277,4.790397,4.6906896,4.6659627,4.696581,4.7226677,4.81386,5.046716,4.9693065
4.553187,4.667185,4.8447924,4.7980313,4.6997943,4.6752768,4.704247,4.726599,4.8157115,5.0469093,4.9672146
4.5389037,4.65348,4.8315463,4.784036,4.6860447,4.6615458,4.691527,4.716017,4.8061323,5.0393405,4.960817
4.5271535,4.642485,4.8206725,4.7717953,4.6730666,4.6484823,4.6797347,4.7071495,4.798797,5.0340805,4.9573035
4.4988523,4.616066,4.794714,4.743051,4.6431937,4.618549,4.6528053,4.686767,4.781779,5.0218754,4.9488444
4.4665327,4.5858173,4.764908,4.7097297,4.6080594,4.583442,4.6213593,4.6632667,4.762401,5.008386,4.939861
4.433514,4.5543933,4.734386,4.677113,4.575316,4.5510173,4.591994,4.640033,4.7422113,4.993552,4.9281626
4.3925905,4.515481,4.696481,4.636254,4.533665,4.5099063,4.5550385,4.611358,4.7177634,4.976214,4.9150352
4.3582006,4.482726,4.664474,4.601351,4.4973726,4.474223,4.5231714,4.587068,4.6974564,4.9623923,4.905067
4.320466,4.4463916,4.6292553,4.564143,4.4599066,4.437654,4.4902873,4.561058,4.6750402,4.9465795,4.8924055
4.301841,4.428472,4.611774,4.5452023,4.440129,4.4183846,4.473121,4.547908,4.664076,4.9392962,4.8870625
4.306581,4.4330745,4.6160827,4.5491095,4.4432373,4.421357,4.4759007,4.5505667,4.66672,4.941533,4.8894205
4.3156104,4.4416614,4.62432,4.557513,4.4513054,4.4291744,4.4828625,4.5561275,4.67156,4.9449663,4.8922954
4.3161173,4.441937,4.6246595,4.55826,4.4525065,4.4303665,4.4837236,4.5563183,4.6713643,4.944433,4.891342
4.3104544,4.4363275,4.6194043,4.5535235,4.4487495,4.4267726,4.4802723,4.5528846,4.667874,4.941405,4.888091
4.2827234,4.4095097,4.593624,4.527264,4.423402,4.402234,4.458117,4.534753,4.6518373,4.92973,4.8779464
4.2567935,4.3845663,4.569387,4.5014224,4.3967986,4.376473,4.4352603,4.517151,4.637149,4.92005,4.870663
4.219883,4.348783,4.5348215,4.4655867,4.3609805,4.3419943,4.404479,4.4926634,4.61619,4.905701,4.8588696
4.173297,4.3034086,4.490975,4.4202065,4.315351,4.298301,4.3655796,4.461723,4.58989,4.8880267,4.844339
4.107278,4.238683,4.428526,4.3564415,4.251708,4.2378235,4.311779,4.4183693,4.552963,4.8632727,4.8233356
4.050773,4.1829076,4.374999,4.304031,4.2019343,4.1909623,4.2697206,4.3828115,4.521694,4.8410497,4.8025947
4.0167756,4.1493573,4.342994,4.2740245,4.1752195,4.1660194,4.247123,4.3627577,4.5034523,4.8272424,4.7887454
4.010888,4.1436486,4.3379617,4.271583,4.176577,4.167481,4.2477946,4.3613977,4.5007644,4.823312,4.783178
4.019066,4.151824,4.3461585,4.281306,4.188408,4.178701,4.2573895,4.368174,4.5056252,4.825318,4.7837405
3.9841084,4.11768,4.3142133,4.2543936,4.1691937,4.1611586,4.2407694,4.351129,4.4883776,4.809866,4.7662306
3.9884965,4.1225796,4.320271,4.2661476,4.189227,4.1805615,4.256773,4.3605304,4.493199,4.8086643,4.7608695
3.923597,4.0588946,4.2593203,4.208281,4.1364675,4.1315727,4.2130027,4.3229904,4.460139,4.784584,4.737626
3.7863038,3.9230046,4.128023,4.080323,4.0128937,4.0175157,4.113153,4.2398715,4.390464,4.7385244,4.695599
3.7319388,3.86841,4.0745273,4.0254717,3.9549875,3.9641817,4.067749,4.204006,4.3627486,4.7237234,4.6842737
3.6038165,3.7400124,3.9498878,3.9043498,3.835808,3.856122,3.9761138,4.1281257,4.302431,4.6883626,4.6527686
3.5406497,3.675987,3.887436,3.842612,3.7728095,3.7992868,3.929064,4.0901456,4.2739615,4.6743226,4.641495
3.4686458,3.6035,3.8172681,3.7766824,3.7107139,3.7439904,3.8834274,4.051334,4.2437086,4.657025,4.62518
3.4012296,3.535682,3.7517347,3.716274,3.6556225,3.6953218,3.8437276,4.0169296,4.2168865,4.641354,4.6098013
3.3321633,3.466421,3.6849875,3.6561675,3.6031854,3.6494281,3.8067448,3.9840467,4.1910396,4.6255116,4.5934963
3.2686083,3.402326,3.623113,3.6000473,3.5534618,3.6059723,3.772418,3.9540462,4.1683993,4.6129365,4.58088
3.170171,3.302282,3.526395,3.5117233,3.4741297,3.5367339,3.719074,3.908305,4.1357155,4.5974307,4.565899
3.1013832,3.2321057,3.458599,3.4502017,3.419646,3.489381,3.6834795,3.877822,4.1147485,4.588487,4.5571885
3.0656433,3.195618,3.4233925,3.4185,3.3920605,3.4654891,3.6658168,3.862636,4.1045055,4.584319,4.55302
3.0311275,3.160687,3.3897884,3.3890288,3.3678586,3.4447184,3.6505885,3.84904,4.094958,4.579539,4.5477676
3.001892,3.1312692,3.361557,3.3647058,3.3487082,3.428408,3.638756,3.8382065,4.0871806,4.575213,4.5427995
2.9720654,3.101411,3.3329692,3.340454,3.3303413,3.4128866,3.6276147,3.8277667,4.07953,4.5705647,4.5372896
2.9576867,3.0875452,3.3199003,3.330465,3.3248432,3.408589,3.6246152,3.8241086,4.0760837,4.5670075,4.53271
2.9315088,3.061354,3.2948604,3.309313,3.309015,3.3952699,3.6152065,3.815309,4.0697236,4.5631933,4.528113
2.9185314,3.0480874,3.2820833,3.2979786,3.2995265,3.3871133,3.6094632,3.8103878,4.066626,4.5621686,4.527008
2.9284172,3.0578763,3.2914188,3.3056602,3.3048854,3.391558,3.6125937,3.8134818,4.069025,4.563927,4.529185
2.9293404,3.058251,3.2915728,3.3046901,3.302093,3.38885,3.6106148,3.8124924,4.0691257,4.5655284,4.5314245
2.924046,3.0524611,3.285844,3.2988696,3.295901,3.3833177,3.6066387,3.8095295,4.067697,4.566013,4.5322843
2.9273782,3.0558283,3.2890406,3.3015995,3.297992,3.3850782,3.6078176,3.8105721,4.0683413,4.566222,4.5325584
2.9451437,3.0736177,3.3060517,3.3159618,3.3087075,3.3941002,3.6141524,3.816501,4.072586,4.568721,4.5355945
2.9600441,3.0885286,3.3203037,3.327983,3.317661,3.401637,3.6194606,3.8214855,4.076178,4.5708566,4.538185
2.9869914,3.1155076,3.346105,3.3498087,3.3340526,3.4154658,3.629279,3.8306925,4.0828447,4.5748186,4.542942
3.0080066,3.1362998,3.3659177,3.366088,3.3453834,3.4248927,3.6360078,3.837426,4.088138,4.578703,4.5477242
3.0334997,3.161671,3.3901756,3.3863707,3.3601966,3.4373553,3.6450267,3.846179,4.094849,4.583258,4.5531983
3.0379138,3.165975,3.394241,3.3895712,3.3621523,3.4389372,3.6461377,3.8474143,4.09591,4.5841885,4.5543866
3.0423105,3.170427,3.3984938,3.3932743,3.3651397,3.4414866,3.6479497,3.8490176,4.096977,4.5846267,4.554883
3.0373168,3.1652212,3.3934221,3.388518,3.3606744,3.4375715,3.6450603,3.846646,4.0955043,4.5842676,4.5546217
3.021632,3.1490066,3.3777285,3.3741298,3.3477418,3.426314,3.636865,3.8397982,4.0912127,4.583089,4.553586
3.0029325,3.129348,3.3586888,3.356129,3.3306406,3.4113357,3.6261158,3.8312588,4.086446,4.582987,4.5540123
2.983526,3.1091745,3.3391855,3.338176,3.314432,3.397224,3.616008,3.822927,4.0814977,4.582119,4.5533752
2.959479,3.0843701,3.3152328,3.3165498,3.2956715,3.3809695,3.6044114,3.813099,4.0754223,4.5804505,4.5517244
2.9355462,3.0600233,3.2917676,3.2960331,3.279075,3.366727,3.5942905,3.804074,4.0694003,4.57777,4.5486555
2.9176195,3.0416918,3.2740977,3.2804475,3.2662435,3.3556893,3.5865216,3.7972836,4.065068,4.576189,4.5468693
2.8967378,3.0204916,3.2536767,3.262729,3.2521992,3.3436735,3.5780938,3.7897136,4.060037,4.5738935,4.544159
2.8707616,2.9940326,3.2281868,3.240502,3.2344155,3.3284357,3.567503,3.7803307,4.054006,4.571473,4.5412908
2.8495162,2.9721086,3.207023,3.2215865,3.218494,3.3146787,3.5580194,3.7722976,4.049309,4.5704846,4.540197
2.8386748,2.9608874,3.196196,3.211875,3.210277,3.3075728,3.5531616,3.7682252,4.0470114,4.57016,4.53984
2.8199048,2.9418535,3.177873,3.1961043,3.198092,3.2971826,3.5460699,3.7618482,4.042896,4.5683517,4.5375867
2.8216574,2.9439256,3.1799457,3.1984193,3.2008374,3.2996745,3.547822,3.7630568,4.0432982,4.5677447,4.536739
2.8443336,2.9671128,3.2023294,3.2180536,3.21669,3.3132968,3.5571911,3.7712374,4.0483627,4.5694966,4.538834
2.8619921,2.9851882,3.2197611,3.233381,3.229148,3.324004,3.5645688,3.7776532,4.052311,4.5707803,4.5403543
